--------------------------------------------------------
--  파일이 생성됨 - 목요일-8월-27-2020   
--------------------------------------------------------
--------------------------------------------------------
--  DDL for Sequence DEPARTMENTS_SEQ
--------------------------------------------------------

   CREATE SEQUENCE  "HR"."DEPARTMENTS_SEQ"  MINVALUE 1 MAXVALUE 9990 INCREMENT BY 10 START WITH 280 NOCACHE  NOORDER  NOCYCLE ;
--------------------------------------------------------
--  DDL for Sequence EMPLOYEES_SEQ
--------------------------------------------------------

   CREATE SEQUENCE  "HR"."EMPLOYEES_SEQ"  MINVALUE 1 MAXVALUE 9999999999999999999999999999 INCREMENT BY 1 START WITH 207 NOCACHE  NOORDER  NOCYCLE ;
--------------------------------------------------------
--  DDL for Sequence LOCATIONS_SEQ
--------------------------------------------------------

   CREATE SEQUENCE  "HR"."LOCATIONS_SEQ"  MINVALUE 1 MAXVALUE 9900 INCREMENT BY 100 START WITH 3300 NOCACHE  NOORDER  NOCYCLE ;
--------------------------------------------------------
--  DDL for Sequence SEQ_BOARD
--------------------------------------------------------

   CREATE SEQUENCE  "HR"."SEQ_BOARD"  MINVALUE 1 MAXVALUE 9999999999999999999999999999 INCREMENT BY 1 START WITH 141 CACHE 20 NOORDER  NOCYCLE ;
--------------------------------------------------------
--  DDL for Sequence SEQ_BOARD4_CMT
--------------------------------------------------------

   CREATE SEQUENCE  "HR"."SEQ_BOARD4_CMT"  MINVALUE 0 MAXVALUE 9999999999999999999999999999 INCREMENT BY 1 START WITH 20 NOCACHE  NOORDER  NOCYCLE ;
--------------------------------------------------------
--  DDL for Sequence SEQ_USER
--------------------------------------------------------

   CREATE SEQUENCE  "HR"."SEQ_USER"  MINVALUE 1 MAXVALUE 9999999999999999999999999999 INCREMENT BY 1 START WITH 31 NOCACHE  NOORDER  NOCYCLE ;
--------------------------------------------------------
--  DDL for Sequence SEQ_USERLOGINHISTORY
--------------------------------------------------------

   CREATE SEQUENCE  "HR"."SEQ_USERLOGINHISTORY"  MINVALUE 1 MAXVALUE 9999999999999999999999999999 INCREMENT BY 1 START WITH 91 NOCACHE  NOORDER  NOCYCLE ;
--------------------------------------------------------
--  DDL for Table COUNTRIES
--------------------------------------------------------

  CREATE TABLE "HR"."COUNTRIES" 
   (	"COUNTRY_ID" CHAR(2 BYTE), 
	"COUNTRY_NAME" VARCHAR2(40 BYTE), 
	"REGION_ID" NUMBER, 
	 CONSTRAINT "COUNTRY_C_ID_PK" PRIMARY KEY ("COUNTRY_ID") ENABLE
   ) ORGANIZATION INDEX NOCOMPRESS PCTFREE 10 INITRANS 2 MAXTRANS 255 NOLOGGING
  STORAGE(INITIAL 65536 NEXT 1048576 MINEXTENTS 1 MAXEXTENTS 2147483645
  PCTINCREASE 0 FREELISTS 1 FREELIST GROUPS 1 BUFFER_POOL DEFAULT FLASH_CACHE DEFAULT CELL_FLASH_CACHE DEFAULT)
  TABLESPACE "EXAMPLE" 
 PCTTHRESHOLD 50;
 

   COMMENT ON COLUMN "HR"."COUNTRIES"."COUNTRY_ID" IS 'Primary key of countries table.';
 
   COMMENT ON COLUMN "HR"."COUNTRIES"."COUNTRY_NAME" IS 'Country name';
 
   COMMENT ON COLUMN "HR"."COUNTRIES"."REGION_ID" IS 'Region ID for the country. Foreign key to region_id column in the departments table.';
 
   COMMENT ON TABLE "HR"."COUNTRIES"  IS 'country table. Contains 25 rows. References with locations table.';
--------------------------------------------------------
--  DDL for Table CUSTOMER
--------------------------------------------------------

  CREATE TABLE "HR"."CUSTOMER" 
   (	"CUSTOMERID" VARCHAR2(20 BYTE), 
	"NAME" VARCHAR2(30 BYTE), 
	"MAIL" VARCHAR2(50 BYTE), 
	"ZIPCODE" VARCHAR2(20 BYTE), 
	"ADDRESS" VARCHAR2(200 BYTE), 
	"TELEPHONE" VARCHAR2(20 BYTE)
   ) SEGMENT CREATION IMMEDIATE 
  PCTFREE 10 PCTUSED 40 INITRANS 1 MAXTRANS 255 NOCOMPRESS LOGGING
  STORAGE(INITIAL 65536 NEXT 1048576 MINEXTENTS 1 MAXEXTENTS 2147483645
  PCTINCREASE 0 FREELISTS 1 FREELIST GROUPS 1 BUFFER_POOL DEFAULT FLASH_CACHE DEFAULT CELL_FLASH_CACHE DEFAULT)
  TABLESPACE "USERS" ;
--------------------------------------------------------
--  DDL for Table DEPARTMENTS
--------------------------------------------------------

  CREATE TABLE "HR"."DEPARTMENTS" 
   (	"DEPARTMENT_ID" NUMBER(4,0), 
	"DEPARTMENT_NAME" VARCHAR2(30 BYTE), 
	"MANAGER_ID" NUMBER(6,0), 
	"LOCATION_ID" NUMBER(4,0)
   ) SEGMENT CREATION IMMEDIATE 
  PCTFREE 10 PCTUSED 40 INITRANS 1 MAXTRANS 255 NOCOMPRESS NOLOGGING
  STORAGE(INITIAL 65536 NEXT 1048576 MINEXTENTS 1 MAXEXTENTS 2147483645
  PCTINCREASE 0 FREELISTS 1 FREELIST GROUPS 1 BUFFER_POOL DEFAULT FLASH_CACHE DEFAULT CELL_FLASH_CACHE DEFAULT)
  TABLESPACE "EXAMPLE" ;
 

   COMMENT ON COLUMN "HR"."DEPARTMENTS"."DEPARTMENT_ID" IS 'Primary key column of departments table.';
 
   COMMENT ON COLUMN "HR"."DEPARTMENTS"."DEPARTMENT_NAME" IS 'A not null column that shows name of a department. Administration,
Marketing, Purchasing, Human Resources, Shipping, IT, Executive, Public
Relations, Sales, Finance, and Accounting. ';
 
   COMMENT ON COLUMN "HR"."DEPARTMENTS"."MANAGER_ID" IS 'Manager_id of a department. Foreign key to employee_id column of employees table. The manager_id column of the employee table references this column.';
 
   COMMENT ON COLUMN "HR"."DEPARTMENTS"."LOCATION_ID" IS 'Location id where a department is located. Foreign key to location_id column of locations table.';
 
   COMMENT ON TABLE "HR"."DEPARTMENTS"  IS 'Departments table that shows details of departments where employees
work. Contains 27 rows; references with locations, employees, and job_history tables.';
--------------------------------------------------------
--  DDL for Table EMPLOYEES
--------------------------------------------------------

  CREATE TABLE "HR"."EMPLOYEES" 
   (	"EMPLOYEE_ID" NUMBER(6,0), 
	"FIRST_NAME" VARCHAR2(20 BYTE), 
	"LAST_NAME" VARCHAR2(25 BYTE), 
	"EMAIL" VARCHAR2(25 BYTE), 
	"PHONE_NUMBER" VARCHAR2(20 BYTE), 
	"HIRE_DATE" DATE, 
	"JOB_ID" VARCHAR2(10 BYTE), 
	"SALARY" NUMBER(8,2), 
	"COMMISSION_PCT" NUMBER(2,2), 
	"MANAGER_ID" NUMBER(6,0), 
	"DEPARTMENT_ID" NUMBER(4,0)
   ) SEGMENT CREATION IMMEDIATE 
  PCTFREE 10 PCTUSED 40 INITRANS 1 MAXTRANS 255 NOCOMPRESS NOLOGGING
  STORAGE(INITIAL 65536 NEXT 1048576 MINEXTENTS 1 MAXEXTENTS 2147483645
  PCTINCREASE 0 FREELISTS 1 FREELIST GROUPS 1 BUFFER_POOL DEFAULT FLASH_CACHE DEFAULT CELL_FLASH_CACHE DEFAULT)
  TABLESPACE "EXAMPLE" ;
 

   COMMENT ON COLUMN "HR"."EMPLOYEES"."EMPLOYEE_ID" IS 'Primary key of employees table.';
 
   COMMENT ON COLUMN "HR"."EMPLOYEES"."FIRST_NAME" IS 'First name of the employee. A not null column.';
 
   COMMENT ON COLUMN "HR"."EMPLOYEES"."LAST_NAME" IS 'Last name of the employee. A not null column.';
 
   COMMENT ON COLUMN "HR"."EMPLOYEES"."EMAIL" IS 'Email id of the employee';
 
   COMMENT ON COLUMN "HR"."EMPLOYEES"."PHONE_NUMBER" IS 'Phone number of the employee; includes country code and area code';
 
   COMMENT ON COLUMN "HR"."EMPLOYEES"."HIRE_DATE" IS 'Date when the employee started on this job. A not null column.';
 
   COMMENT ON COLUMN "HR"."EMPLOYEES"."JOB_ID" IS 'Current job of the employee; foreign key to job_id column of the
jobs table. A not null column.';
 
   COMMENT ON COLUMN "HR"."EMPLOYEES"."SALARY" IS 'Monthly salary of the employee. Must be greater
than zero (enforced by constraint emp_salary_min)';
 
   COMMENT ON COLUMN "HR"."EMPLOYEES"."COMMISSION_PCT" IS 'Commission percentage of the employee; Only employees in sales
department elgible for commission percentage';
 
   COMMENT ON COLUMN "HR"."EMPLOYEES"."MANAGER_ID" IS 'Manager id of the employee; has same domain as manager_id in
departments table. Foreign key to employee_id column of employees table.
(useful for reflexive joins and CONNECT BY query)';
 
   COMMENT ON COLUMN "HR"."EMPLOYEES"."DEPARTMENT_ID" IS 'Department id where employee works; foreign key to department_id
column of the departments table';
 
   COMMENT ON TABLE "HR"."EMPLOYEES"  IS 'employees table. Contains 107 rows. References with departments,
jobs, job_history tables. Contains a self reference.';
--------------------------------------------------------
--  DDL for Table JOBS
--------------------------------------------------------

  CREATE TABLE "HR"."JOBS" 
   (	"JOB_ID" VARCHAR2(10 BYTE), 
	"JOB_TITLE" VARCHAR2(35 BYTE), 
	"MIN_SALARY" NUMBER(6,0), 
	"MAX_SALARY" NUMBER(6,0)
   ) SEGMENT CREATION IMMEDIATE 
  PCTFREE 10 PCTUSED 40 INITRANS 1 MAXTRANS 255 NOCOMPRESS NOLOGGING
  STORAGE(INITIAL 65536 NEXT 1048576 MINEXTENTS 1 MAXEXTENTS 2147483645
  PCTINCREASE 0 FREELISTS 1 FREELIST GROUPS 1 BUFFER_POOL DEFAULT FLASH_CACHE DEFAULT CELL_FLASH_CACHE DEFAULT)
  TABLESPACE "EXAMPLE" ;
 

   COMMENT ON COLUMN "HR"."JOBS"."JOB_ID" IS 'Primary key of jobs table.';
 
   COMMENT ON COLUMN "HR"."JOBS"."JOB_TITLE" IS 'A not null column that shows job title, e.g. AD_VP, FI_ACCOUNTANT';
 
   COMMENT ON COLUMN "HR"."JOBS"."MIN_SALARY" IS 'Minimum salary for a job title.';
 
   COMMENT ON COLUMN "HR"."JOBS"."MAX_SALARY" IS 'Maximum salary for a job title';
 
   COMMENT ON TABLE "HR"."JOBS"  IS 'jobs table with job titles and salary ranges. Contains 19 rows.
References with employees and job_history table.';
--------------------------------------------------------
--  DDL for Table JOB_HISTORY
--------------------------------------------------------

  CREATE TABLE "HR"."JOB_HISTORY" 
   (	"EMPLOYEE_ID" NUMBER(6,0), 
	"START_DATE" DATE, 
	"END_DATE" DATE, 
	"JOB_ID" VARCHAR2(10 BYTE), 
	"DEPARTMENT_ID" NUMBER(4,0)
   ) SEGMENT CREATION IMMEDIATE 
  PCTFREE 10 PCTUSED 40 INITRANS 1 MAXTRANS 255 NOCOMPRESS NOLOGGING
  STORAGE(INITIAL 65536 NEXT 1048576 MINEXTENTS 1 MAXEXTENTS 2147483645
  PCTINCREASE 0 FREELISTS 1 FREELIST GROUPS 1 BUFFER_POOL DEFAULT FLASH_CACHE DEFAULT CELL_FLASH_CACHE DEFAULT)
  TABLESPACE "EXAMPLE" ;
 

   COMMENT ON COLUMN "HR"."JOB_HISTORY"."EMPLOYEE_ID" IS 'A not null column in the complex primary key employee_id+start_date.
Foreign key to employee_id column of the employee table';
 
   COMMENT ON COLUMN "HR"."JOB_HISTORY"."START_DATE" IS 'A not null column in the complex primary key employee_id+start_date.
Must be less than the end_date of the job_history table. (enforced by
constraint jhist_date_interval)';
 
   COMMENT ON COLUMN "HR"."JOB_HISTORY"."END_DATE" IS 'Last day of the employee in this job role. A not null column. Must be
greater than the start_date of the job_history table.
(enforced by constraint jhist_date_interval)';
 
   COMMENT ON COLUMN "HR"."JOB_HISTORY"."JOB_ID" IS 'Job role in which the employee worked in the past; foreign key to
job_id column in the jobs table. A not null column.';
 
   COMMENT ON COLUMN "HR"."JOB_HISTORY"."DEPARTMENT_ID" IS 'Department id in which the employee worked in the past; foreign key to deparment_id column in the departments table';
 
   COMMENT ON TABLE "HR"."JOB_HISTORY"  IS 'Table that stores job history of the employees. If an employee
changes departments within the job or changes jobs within the department,
new rows get inserted into this table with old job information of the
employee. Contains a complex primary key: employee_id+start_date.
Contains 25 rows. References with jobs, employees, and departments tables.';
--------------------------------------------------------
--  DDL for Table LOCATIONS
--------------------------------------------------------

  CREATE TABLE "HR"."LOCATIONS" 
   (	"LOCATION_ID" NUMBER(4,0), 
	"STREET_ADDRESS" VARCHAR2(40 BYTE), 
	"POSTAL_CODE" VARCHAR2(12 BYTE), 
	"CITY" VARCHAR2(30 BYTE), 
	"STATE_PROVINCE" VARCHAR2(25 BYTE), 
	"COUNTRY_ID" CHAR(2 BYTE)
   ) SEGMENT CREATION IMMEDIATE 
  PCTFREE 10 PCTUSED 40 INITRANS 1 MAXTRANS 255 NOCOMPRESS NOLOGGING
  STORAGE(INITIAL 65536 NEXT 1048576 MINEXTENTS 1 MAXEXTENTS 2147483645
  PCTINCREASE 0 FREELISTS 1 FREELIST GROUPS 1 BUFFER_POOL DEFAULT FLASH_CACHE DEFAULT CELL_FLASH_CACHE DEFAULT)
  TABLESPACE "EXAMPLE" ;
 

   COMMENT ON COLUMN "HR"."LOCATIONS"."LOCATION_ID" IS 'Primary key of locations table';
 
   COMMENT ON COLUMN "HR"."LOCATIONS"."STREET_ADDRESS" IS 'Street address of an office, warehouse, or production site of a company.
Contains building number and street name';
 
   COMMENT ON COLUMN "HR"."LOCATIONS"."POSTAL_CODE" IS 'Postal code of the location of an office, warehouse, or production site
of a company. ';
 
   COMMENT ON COLUMN "HR"."LOCATIONS"."CITY" IS 'A not null column that shows city where an office, warehouse, or
production site of a company is located. ';
 
   COMMENT ON COLUMN "HR"."LOCATIONS"."STATE_PROVINCE" IS 'State or Province where an office, warehouse, or production site of a
company is located.';
 
   COMMENT ON COLUMN "HR"."LOCATIONS"."COUNTRY_ID" IS 'Country where an office, warehouse, or production site of a company is
located. Foreign key to country_id column of the countries table.';
 
   COMMENT ON TABLE "HR"."LOCATIONS"  IS 'Locations table that contains specific address of a specific office,
warehouse, and/or production site of a company. Does not store addresses /
locations of customers. Contains 23 rows; references with the
departments and countries tables. ';
--------------------------------------------------------
--  DDL for Table REGIONS
--------------------------------------------------------

  CREATE TABLE "HR"."REGIONS" 
   (	"REGION_ID" NUMBER, 
	"REGION_NAME" VARCHAR2(25 BYTE)
   ) SEGMENT CREATION IMMEDIATE 
  PCTFREE 10 PCTUSED 40 INITRANS 1 MAXTRANS 255 NOCOMPRESS NOLOGGING
  STORAGE(INITIAL 65536 NEXT 1048576 MINEXTENTS 1 MAXEXTENTS 2147483645
  PCTINCREASE 0 FREELISTS 1 FREELIST GROUPS 1 BUFFER_POOL DEFAULT FLASH_CACHE DEFAULT CELL_FLASH_CACHE DEFAULT)
  TABLESPACE "EXAMPLE" ;
--------------------------------------------------------
--  DDL for Table T_BOARD
--------------------------------------------------------

  CREATE TABLE "HR"."T_BOARD" 
   (	"I_BOARD" NUMBER, 
	"TITLE" VARCHAR2(100 BYTE), 
	"CTNT" VARCHAR2(2000 BYTE), 
	"I_STUDENT" NUMBER
   ) SEGMENT CREATION IMMEDIATE 
  PCTFREE 10 PCTUSED 40 INITRANS 1 MAXTRANS 255 NOCOMPRESS LOGGING
  STORAGE(INITIAL 65536 NEXT 1048576 MINEXTENTS 1 MAXEXTENTS 2147483645
  PCTINCREASE 0 FREELISTS 1 FREELIST GROUPS 1 BUFFER_POOL DEFAULT FLASH_CACHE DEFAULT CELL_FLASH_CACHE DEFAULT)
  TABLESPACE "USERS" ;
 

   COMMENT ON COLUMN "HR"."T_BOARD"."I_STUDENT" IS '？옉？꽦？옄';
--------------------------------------------------------
--  DDL for Table T_BOARD4
--------------------------------------------------------

  CREATE TABLE "HR"."T_BOARD4" 
   (	"I_BOARD" NUMBER, 
	"TITLE" NVARCHAR2(100), 
	"CTNT" NVARCHAR2(2000), 
	"HITS" NUMBER DEFAULT 0, 
	"I_USER" NUMBER, 
	"R_DT" DATE DEFAULT sysdate, 
	"M_DT" DATE DEFAULT sysdate
   ) SEGMENT CREATION IMMEDIATE 
  PCTFREE 10 PCTUSED 40 INITRANS 1 MAXTRANS 255 NOCOMPRESS LOGGING
  STORAGE(INITIAL 65536 NEXT 1048576 MINEXTENTS 1 MAXEXTENTS 2147483645
  PCTINCREASE 0 FREELISTS 1 FREELIST GROUPS 1 BUFFER_POOL DEFAULT FLASH_CACHE DEFAULT CELL_FLASH_CACHE DEFAULT)
  TABLESPACE "USERS" ;
--------------------------------------------------------
--  DDL for Table T_BOARD4_CMT
--------------------------------------------------------

  CREATE TABLE "HR"."T_BOARD4_CMT" 
   (	"I_CMT" NUMBER, 
	"I_USER" NUMBER, 
	"I_BOARD" NUMBER, 
	"CMT" NVARCHAR2(500), 
	"R_DT" DATE DEFAULT sysdate, 
	"M_DT" DATE DEFAULT sysdate
   ) SEGMENT CREATION IMMEDIATE 
  PCTFREE 10 PCTUSED 40 INITRANS 1 MAXTRANS 255 NOCOMPRESS LOGGING
  STORAGE(INITIAL 65536 NEXT 1048576 MINEXTENTS 1 MAXEXTENTS 2147483645
  PCTINCREASE 0 FREELISTS 1 FREELIST GROUPS 1 BUFFER_POOL DEFAULT FLASH_CACHE DEFAULT CELL_FLASH_CACHE DEFAULT)
  TABLESPACE "USERS" ;
--------------------------------------------------------
--  DDL for Table T_BOARD4_LIKE
--------------------------------------------------------

  CREATE TABLE "HR"."T_BOARD4_LIKE" 
   (	"I_USER" NUMBER, 
	"I_BOARD" NUMBER, 
	"R_DT" DATE DEFAULT sysdate
   ) SEGMENT CREATION IMMEDIATE 
  PCTFREE 10 PCTUSED 40 INITRANS 1 MAXTRANS 255 NOCOMPRESS LOGGING
  STORAGE(INITIAL 65536 NEXT 1048576 MINEXTENTS 1 MAXEXTENTS 2147483645
  PCTINCREASE 0 FREELISTS 1 FREELIST GROUPS 1 BUFFER_POOL DEFAULT FLASH_CACHE DEFAULT CELL_FLASH_CACHE DEFAULT)
  TABLESPACE "USERS" ;
--------------------------------------------------------
--  DDL for Table T_BOARD_LIKE
--------------------------------------------------------

  CREATE TABLE "HR"."T_BOARD_LIKE" 
   (	"I_BOARD" NUMBER, 
	"I_STUDENT" NUMBER
   ) SEGMENT CREATION IMMEDIATE 
  PCTFREE 10 PCTUSED 40 INITRANS 1 MAXTRANS 255 NOCOMPRESS LOGGING
  STORAGE(INITIAL 65536 NEXT 1048576 MINEXTENTS 1 MAXEXTENTS 2147483645
  PCTINCREASE 0 FREELISTS 1 FREELIST GROUPS 1 BUFFER_POOL DEFAULT FLASH_CACHE DEFAULT CELL_FLASH_CACHE DEFAULT)
  TABLESPACE "USERS" ;
--------------------------------------------------------
--  DDL for Table T_CUSTOMER
--------------------------------------------------------

  CREATE TABLE "HR"."T_CUSTOMER" 
   (	"CUS_NO" NUMBER(10,0), 
	"NM" VARCHAR2(10 BYTE)
   ) SEGMENT CREATION IMMEDIATE 
  PCTFREE 10 PCTUSED 40 INITRANS 1 MAXTRANS 255 NOCOMPRESS LOGGING
  STORAGE(INITIAL 65536 NEXT 1048576 MINEXTENTS 1 MAXEXTENTS 2147483645
  PCTINCREASE 0 FREELISTS 1 FREELIST GROUPS 1 BUFFER_POOL DEFAULT FLASH_CACHE DEFAULT CELL_FLASH_CACHE DEFAULT)
  TABLESPACE "USERS" ;
--------------------------------------------------------
--  DDL for Table T_HOBBY
--------------------------------------------------------

  CREATE TABLE "HR"."T_HOBBY" 
   (	"I_HOBBY" NUMBER, 
	"NM" VARCHAR2(30 BYTE)
   ) SEGMENT CREATION IMMEDIATE 
  PCTFREE 10 PCTUSED 40 INITRANS 1 MAXTRANS 255 NOCOMPRESS LOGGING
  STORAGE(INITIAL 65536 NEXT 1048576 MINEXTENTS 1 MAXEXTENTS 2147483645
  PCTINCREASE 0 FREELISTS 1 FREELIST GROUPS 1 BUFFER_POOL DEFAULT FLASH_CACHE DEFAULT CELL_FLASH_CACHE DEFAULT)
  TABLESPACE "USERS" ;
--------------------------------------------------------
--  DDL for Table T_ORDER
--------------------------------------------------------

  CREATE TABLE "HR"."T_ORDER" 
   (	"O_NO" NUMBER(10,0), 
	"CUS_NO" NUMBER(10,0), 
	"O_DATE" DATE, 
	"O_PRICE" NUMBER(8,1) DEFAULT 0
   ) SEGMENT CREATION IMMEDIATE 
  PCTFREE 10 PCTUSED 40 INITRANS 1 MAXTRANS 255 NOCOMPRESS LOGGING
  STORAGE(INITIAL 65536 NEXT 1048576 MINEXTENTS 1 MAXEXTENTS 2147483645
  PCTINCREASE 0 FREELISTS 1 FREELIST GROUPS 1 BUFFER_POOL DEFAULT FLASH_CACHE DEFAULT CELL_FLASH_CACHE DEFAULT)
  TABLESPACE "USERS" ;
--------------------------------------------------------
--  DDL for Table T_STUDENT
--------------------------------------------------------

  CREATE TABLE "HR"."T_STUDENT" 
   (	"I_STUDENT" NUMBER, 
	"NM" VARCHAR2(15 BYTE), 
	"AGE" NUMBER(3,0)
   ) SEGMENT CREATION IMMEDIATE 
  PCTFREE 10 PCTUSED 40 INITRANS 1 MAXTRANS 255 NOCOMPRESS LOGGING
  STORAGE(INITIAL 65536 NEXT 1048576 MINEXTENTS 1 MAXEXTENTS 2147483645
  PCTINCREASE 0 FREELISTS 1 FREELIST GROUPS 1 BUFFER_POOL DEFAULT FLASH_CACHE DEFAULT CELL_FLASH_CACHE DEFAULT)
  TABLESPACE "USERS" ;
--------------------------------------------------------
--  DDL for Table T_STUDENT_HOBBY
--------------------------------------------------------

  CREATE TABLE "HR"."T_STUDENT_HOBBY" 
   (	"I_STUDENT" NUMBER, 
	"I_HOBBY" NUMBER, 
	"R_DT" DATE DEFAULT sysdate
   ) SEGMENT CREATION IMMEDIATE 
  PCTFREE 10 PCTUSED 40 INITRANS 1 MAXTRANS 255 NOCOMPRESS LOGGING
  STORAGE(INITIAL 65536 NEXT 1048576 MINEXTENTS 1 MAXEXTENTS 2147483645
  PCTINCREASE 0 FREELISTS 1 FREELIST GROUPS 1 BUFFER_POOL DEFAULT FLASH_CACHE DEFAULT CELL_FLASH_CACHE DEFAULT)
  TABLESPACE "USERS" ;
--------------------------------------------------------
--  DDL for Table T_USER
--------------------------------------------------------

  CREATE TABLE "HR"."T_USER" 
   (	"I_USER" NUMBER, 
	"USER_ID" VARCHAR2(30 BYTE), 
	"USER_PW" VARCHAR2(100 BYTE), 
	"NM" VARCHAR2(20 BYTE), 
	"E_MAIL" VARCHAR2(40 BYTE), 
	"PROFILE_IMG" VARCHAR2(50 BYTE), 
	"R_DT" DATE DEFAULT sysdate, 
	"M_DT" DATE DEFAULT sysdate
   ) SEGMENT CREATION IMMEDIATE 
  PCTFREE 10 PCTUSED 40 INITRANS 1 MAXTRANS 255 NOCOMPRESS LOGGING
  STORAGE(INITIAL 65536 NEXT 1048576 MINEXTENTS 1 MAXEXTENTS 2147483645
  PCTINCREASE 0 FREELISTS 1 FREELIST GROUPS 1 BUFFER_POOL DEFAULT FLASH_CACHE DEFAULT CELL_FLASH_CACHE DEFAULT)
  TABLESPACE "USERS" ;
--------------------------------------------------------
--  DDL for Table T_USER_LOGINHISTORY
--------------------------------------------------------

  CREATE TABLE "HR"."T_USER_LOGINHISTORY" 
   (	"I_HISTORY" NUMBER, 
	"I_USER" NUMBER, 
	"IP_ADDR" VARCHAR2(15 BYTE), 
	"OS" VARCHAR2(5 BYTE), 
	"BROWSER" VARCHAR2(10 BYTE), 
	"R_DT" DATE DEFAULT sysdate
   ) SEGMENT CREATION IMMEDIATE 
  PCTFREE 10 PCTUSED 40 INITRANS 1 MAXTRANS 255 NOCOMPRESS LOGGING
  STORAGE(INITIAL 65536 NEXT 1048576 MINEXTENTS 1 MAXEXTENTS 2147483645
  PCTINCREASE 0 FREELISTS 1 FREELIST GROUPS 1 BUFFER_POOL DEFAULT FLASH_CACHE DEFAULT CELL_FLASH_CACHE DEFAULT)
  TABLESPACE "USERS" ;
--------------------------------------------------------
--  DDL for View EMP_DETAILS_VIEW
--------------------------------------------------------

  CREATE OR REPLACE FORCE VIEW "HR"."EMP_DETAILS_VIEW" ("EMPLOYEE_ID", "JOB_ID", "MANAGER_ID", "DEPARTMENT_ID", "LOCATION_ID", "COUNTRY_ID", "FIRST_NAME", "LAST_NAME", "SALARY", "COMMISSION_PCT", "DEPARTMENT_NAME", "JOB_TITLE", "CITY", "STATE_PROVINCE", "COUNTRY_NAME", "REGION_NAME") AS 
  SELECT
  e.employee_id,
  e.job_id,
  e.manager_id,
  e.department_id,
  d.location_id,
  l.country_id,
  e.first_name,
  e.last_name,
  e.salary,
  e.commission_pct,
  d.department_name,
  j.job_title,
  l.city,
  l.state_province,
  c.country_name,
  r.region_name
FROM
  employees e,
  departments d,
  jobs j,
  locations l,
  countries c,
  regions r
WHERE e.department_id = d.department_id
  AND d.location_id = l.location_id
  AND l.country_id = c.country_id
  AND c.region_id = r.region_id
  AND j.job_id = e.job_id
WITH READ ONLY
;
--------------------------------------------------------
--  DDL for View VIEW_BOARDLIKE_CNT
--------------------------------------------------------

  CREATE OR REPLACE FORCE VIEW "HR"."VIEW_BOARDLIKE_CNT" ("I_BOARD", "LIKE_CNT") AS 
  SELECT i_board, COUNT(i_board) as like_cnt
FROM t_board_like
GROUP BY i_board
;
REM INSERTING into HR.COUNTRIES
SET DEFINE OFF;
Insert into HR.COUNTRIES (COUNTRY_ID,COUNTRY_NAME,REGION_ID) values ('AR','Argentina',2);
Insert into HR.COUNTRIES (COUNTRY_ID,COUNTRY_NAME,REGION_ID) values ('AU','Australia',3);
Insert into HR.COUNTRIES (COUNTRY_ID,COUNTRY_NAME,REGION_ID) values ('BE','Belgium',1);
Insert into HR.COUNTRIES (COUNTRY_ID,COUNTRY_NAME,REGION_ID) values ('BR','Brazil',2);
Insert into HR.COUNTRIES (COUNTRY_ID,COUNTRY_NAME,REGION_ID) values ('CA','Canada',2);
Insert into HR.COUNTRIES (COUNTRY_ID,COUNTRY_NAME,REGION_ID) values ('CH','Switzerland',1);
Insert into HR.COUNTRIES (COUNTRY_ID,COUNTRY_NAME,REGION_ID) values ('CN','China',3);
Insert into HR.COUNTRIES (COUNTRY_ID,COUNTRY_NAME,REGION_ID) values ('DE','Germany',1);
Insert into HR.COUNTRIES (COUNTRY_ID,COUNTRY_NAME,REGION_ID) values ('DK','Denmark',1);
Insert into HR.COUNTRIES (COUNTRY_ID,COUNTRY_NAME,REGION_ID) values ('EG','Egypt',4);
Insert into HR.COUNTRIES (COUNTRY_ID,COUNTRY_NAME,REGION_ID) values ('FR','France',1);
Insert into HR.COUNTRIES (COUNTRY_ID,COUNTRY_NAME,REGION_ID) values ('IL','Israel',4);
Insert into HR.COUNTRIES (COUNTRY_ID,COUNTRY_NAME,REGION_ID) values ('IN','India',3);
Insert into HR.COUNTRIES (COUNTRY_ID,COUNTRY_NAME,REGION_ID) values ('IT','Italy',1);
Insert into HR.COUNTRIES (COUNTRY_ID,COUNTRY_NAME,REGION_ID) values ('JP','Japan',3);
Insert into HR.COUNTRIES (COUNTRY_ID,COUNTRY_NAME,REGION_ID) values ('KW','Kuwait',4);
Insert into HR.COUNTRIES (COUNTRY_ID,COUNTRY_NAME,REGION_ID) values ('ML','Malaysia',3);
Insert into HR.COUNTRIES (COUNTRY_ID,COUNTRY_NAME,REGION_ID) values ('MX','Mexico',2);
Insert into HR.COUNTRIES (COUNTRY_ID,COUNTRY_NAME,REGION_ID) values ('NG','Nigeria',4);
Insert into HR.COUNTRIES (COUNTRY_ID,COUNTRY_NAME,REGION_ID) values ('NL','Netherlands',1);
Insert into HR.COUNTRIES (COUNTRY_ID,COUNTRY_NAME,REGION_ID) values ('SG','Singapore',3);
Insert into HR.COUNTRIES (COUNTRY_ID,COUNTRY_NAME,REGION_ID) values ('UK','United Kingdom',1);
Insert into HR.COUNTRIES (COUNTRY_ID,COUNTRY_NAME,REGION_ID) values ('US','United States of America',2);
Insert into HR.COUNTRIES (COUNTRY_ID,COUNTRY_NAME,REGION_ID) values ('ZM','Zambia',4);
Insert into HR.COUNTRIES (COUNTRY_ID,COUNTRY_NAME,REGION_ID) values ('ZW','Zimbabwe',4);
REM INSERTING into HR.CUSTOMER
SET DEFINE OFF;
Insert into HR.CUSTOMER (CUSTOMERID,NAME,MAIL,ZIPCODE,ADDRESS,TELEPHONE) values ('aaaa1','홍길동','dddd@daum.net','234-555','대구시 달서구 용산동 222','010-0000-1234');
REM INSERTING into HR.DEPARTMENTS
SET DEFINE OFF;
Insert into HR.DEPARTMENTS (DEPARTMENT_ID,DEPARTMENT_NAME,MANAGER_ID,LOCATION_ID) values (10,'Administration',200,1700);
Insert into HR.DEPARTMENTS (DEPARTMENT_ID,DEPARTMENT_NAME,MANAGER_ID,LOCATION_ID) values (20,'Marketing',201,1800);
Insert into HR.DEPARTMENTS (DEPARTMENT_ID,DEPARTMENT_NAME,MANAGER_ID,LOCATION_ID) values (30,'Purchasing',114,1700);
Insert into HR.DEPARTMENTS (DEPARTMENT_ID,DEPARTMENT_NAME,MANAGER_ID,LOCATION_ID) values (40,'Human Resources',203,2400);
Insert into HR.DEPARTMENTS (DEPARTMENT_ID,DEPARTMENT_NAME,MANAGER_ID,LOCATION_ID) values (50,'Shipping',121,1500);
Insert into HR.DEPARTMENTS (DEPARTMENT_ID,DEPARTMENT_NAME,MANAGER_ID,LOCATION_ID) values (60,'IT',103,1400);
Insert into HR.DEPARTMENTS (DEPARTMENT_ID,DEPARTMENT_NAME,MANAGER_ID,LOCATION_ID) values (70,'Public Relations',204,2700);
Insert into HR.DEPARTMENTS (DEPARTMENT_ID,DEPARTMENT_NAME,MANAGER_ID,LOCATION_ID) values (80,'Sales',145,2500);
Insert into HR.DEPARTMENTS (DEPARTMENT_ID,DEPARTMENT_NAME,MANAGER_ID,LOCATION_ID) values (90,'Executive',100,1700);
Insert into HR.DEPARTMENTS (DEPARTMENT_ID,DEPARTMENT_NAME,MANAGER_ID,LOCATION_ID) values (100,'Finance',108,1700);
Insert into HR.DEPARTMENTS (DEPARTMENT_ID,DEPARTMENT_NAME,MANAGER_ID,LOCATION_ID) values (110,'Accounting',205,1700);
Insert into HR.DEPARTMENTS (DEPARTMENT_ID,DEPARTMENT_NAME,MANAGER_ID,LOCATION_ID) values (120,'Treasury',null,1700);
Insert into HR.DEPARTMENTS (DEPARTMENT_ID,DEPARTMENT_NAME,MANAGER_ID,LOCATION_ID) values (130,'Corporate Tax',null,1700);
Insert into HR.DEPARTMENTS (DEPARTMENT_ID,DEPARTMENT_NAME,MANAGER_ID,LOCATION_ID) values (140,'Control And Credit',null,1700);
Insert into HR.DEPARTMENTS (DEPARTMENT_ID,DEPARTMENT_NAME,MANAGER_ID,LOCATION_ID) values (150,'Shareholder Services',null,1700);
Insert into HR.DEPARTMENTS (DEPARTMENT_ID,DEPARTMENT_NAME,MANAGER_ID,LOCATION_ID) values (160,'Benefits',null,1700);
Insert into HR.DEPARTMENTS (DEPARTMENT_ID,DEPARTMENT_NAME,MANAGER_ID,LOCATION_ID) values (170,'Manufacturing',null,1700);
Insert into HR.DEPARTMENTS (DEPARTMENT_ID,DEPARTMENT_NAME,MANAGER_ID,LOCATION_ID) values (180,'Construction',null,1700);
Insert into HR.DEPARTMENTS (DEPARTMENT_ID,DEPARTMENT_NAME,MANAGER_ID,LOCATION_ID) values (190,'Contracting',null,1700);
Insert into HR.DEPARTMENTS (DEPARTMENT_ID,DEPARTMENT_NAME,MANAGER_ID,LOCATION_ID) values (200,'Operations',null,1700);
Insert into HR.DEPARTMENTS (DEPARTMENT_ID,DEPARTMENT_NAME,MANAGER_ID,LOCATION_ID) values (210,'IT Support',null,1700);
Insert into HR.DEPARTMENTS (DEPARTMENT_ID,DEPARTMENT_NAME,MANAGER_ID,LOCATION_ID) values (220,'NOC',null,1700);
Insert into HR.DEPARTMENTS (DEPARTMENT_ID,DEPARTMENT_NAME,MANAGER_ID,LOCATION_ID) values (230,'IT Helpdesk',null,1700);
Insert into HR.DEPARTMENTS (DEPARTMENT_ID,DEPARTMENT_NAME,MANAGER_ID,LOCATION_ID) values (240,'Government Sales',null,1700);
Insert into HR.DEPARTMENTS (DEPARTMENT_ID,DEPARTMENT_NAME,MANAGER_ID,LOCATION_ID) values (250,'Retail Sales',null,1700);
Insert into HR.DEPARTMENTS (DEPARTMENT_ID,DEPARTMENT_NAME,MANAGER_ID,LOCATION_ID) values (260,'Recruiting',null,1700);
Insert into HR.DEPARTMENTS (DEPARTMENT_ID,DEPARTMENT_NAME,MANAGER_ID,LOCATION_ID) values (270,'Payroll',null,1700);
REM INSERTING into HR.EMPLOYEES
SET DEFINE OFF;
Insert into HR.EMPLOYEES (EMPLOYEE_ID,FIRST_NAME,LAST_NAME,EMAIL,PHONE_NUMBER,HIRE_DATE,JOB_ID,SALARY,COMMISSION_PCT,MANAGER_ID,DEPARTMENT_ID) values (100,'Steven','King','SKING','515.123.4567',to_date('03/06/17','RR/MM/DD'),'AD_PRES',24000,null,null,90);
Insert into HR.EMPLOYEES (EMPLOYEE_ID,FIRST_NAME,LAST_NAME,EMAIL,PHONE_NUMBER,HIRE_DATE,JOB_ID,SALARY,COMMISSION_PCT,MANAGER_ID,DEPARTMENT_ID) values (101,'Neena','Kochhar','NKOCHHAR','515.123.4568',to_date('05/09/21','RR/MM/DD'),'AD_VP',17000,null,100,90);
Insert into HR.EMPLOYEES (EMPLOYEE_ID,FIRST_NAME,LAST_NAME,EMAIL,PHONE_NUMBER,HIRE_DATE,JOB_ID,SALARY,COMMISSION_PCT,MANAGER_ID,DEPARTMENT_ID) values (102,'Lex','De Haan','LDEHAAN','515.123.4569',to_date('01/01/13','RR/MM/DD'),'AD_VP',17000,null,100,90);
Insert into HR.EMPLOYEES (EMPLOYEE_ID,FIRST_NAME,LAST_NAME,EMAIL,PHONE_NUMBER,HIRE_DATE,JOB_ID,SALARY,COMMISSION_PCT,MANAGER_ID,DEPARTMENT_ID) values (103,'Alexander','Hunold','AHUNOLD','590.423.4567',to_date('06/01/03','RR/MM/DD'),'IT_PROG',9000,null,102,60);
Insert into HR.EMPLOYEES (EMPLOYEE_ID,FIRST_NAME,LAST_NAME,EMAIL,PHONE_NUMBER,HIRE_DATE,JOB_ID,SALARY,COMMISSION_PCT,MANAGER_ID,DEPARTMENT_ID) values (104,'Bruce','Ernst','BERNST','590.423.4568',to_date('07/05/21','RR/MM/DD'),'IT_PROG',6000,null,103,60);
Insert into HR.EMPLOYEES (EMPLOYEE_ID,FIRST_NAME,LAST_NAME,EMAIL,PHONE_NUMBER,HIRE_DATE,JOB_ID,SALARY,COMMISSION_PCT,MANAGER_ID,DEPARTMENT_ID) values (105,'David','Austin','DAUSTIN','590.423.4569',to_date('05/06/25','RR/MM/DD'),'IT_PROG',4800,null,103,60);
Insert into HR.EMPLOYEES (EMPLOYEE_ID,FIRST_NAME,LAST_NAME,EMAIL,PHONE_NUMBER,HIRE_DATE,JOB_ID,SALARY,COMMISSION_PCT,MANAGER_ID,DEPARTMENT_ID) values (106,'Valli','Pataballa','VPATABAL','590.423.4560',to_date('06/02/05','RR/MM/DD'),'IT_PROG',4800,null,103,60);
Insert into HR.EMPLOYEES (EMPLOYEE_ID,FIRST_NAME,LAST_NAME,EMAIL,PHONE_NUMBER,HIRE_DATE,JOB_ID,SALARY,COMMISSION_PCT,MANAGER_ID,DEPARTMENT_ID) values (107,'Diana','Lorentz','DLORENTZ','590.423.5567',to_date('07/02/07','RR/MM/DD'),'IT_PROG',4200,null,103,60);
Insert into HR.EMPLOYEES (EMPLOYEE_ID,FIRST_NAME,LAST_NAME,EMAIL,PHONE_NUMBER,HIRE_DATE,JOB_ID,SALARY,COMMISSION_PCT,MANAGER_ID,DEPARTMENT_ID) values (108,'Nancy','Greenberg','NGREENBE','515.124.4569',to_date('02/08/17','RR/MM/DD'),'FI_MGR',12008,null,101,100);
Insert into HR.EMPLOYEES (EMPLOYEE_ID,FIRST_NAME,LAST_NAME,EMAIL,PHONE_NUMBER,HIRE_DATE,JOB_ID,SALARY,COMMISSION_PCT,MANAGER_ID,DEPARTMENT_ID) values (109,'Daniel','Faviet','DFAVIET','515.124.4169',to_date('02/08/16','RR/MM/DD'),'FI_ACCOUNT',9000,null,108,100);
Insert into HR.EMPLOYEES (EMPLOYEE_ID,FIRST_NAME,LAST_NAME,EMAIL,PHONE_NUMBER,HIRE_DATE,JOB_ID,SALARY,COMMISSION_PCT,MANAGER_ID,DEPARTMENT_ID) values (110,'John','Chen','JCHEN','515.124.4269',to_date('05/09/28','RR/MM/DD'),'FI_ACCOUNT',8200,null,108,100);
Insert into HR.EMPLOYEES (EMPLOYEE_ID,FIRST_NAME,LAST_NAME,EMAIL,PHONE_NUMBER,HIRE_DATE,JOB_ID,SALARY,COMMISSION_PCT,MANAGER_ID,DEPARTMENT_ID) values (111,'Ismael','Sciarra','ISCIARRA','515.124.4369',to_date('05/09/30','RR/MM/DD'),'FI_ACCOUNT',7700,null,108,100);
Insert into HR.EMPLOYEES (EMPLOYEE_ID,FIRST_NAME,LAST_NAME,EMAIL,PHONE_NUMBER,HIRE_DATE,JOB_ID,SALARY,COMMISSION_PCT,MANAGER_ID,DEPARTMENT_ID) values (112,'Jose Manuel','Urman','JMURMAN','515.124.4469',to_date('06/03/07','RR/MM/DD'),'FI_ACCOUNT',7800,null,108,100);
Insert into HR.EMPLOYEES (EMPLOYEE_ID,FIRST_NAME,LAST_NAME,EMAIL,PHONE_NUMBER,HIRE_DATE,JOB_ID,SALARY,COMMISSION_PCT,MANAGER_ID,DEPARTMENT_ID) values (113,'Luis','Popp','LPOPP','515.124.4567',to_date('07/12/07','RR/MM/DD'),'FI_ACCOUNT',6900,null,108,100);
Insert into HR.EMPLOYEES (EMPLOYEE_ID,FIRST_NAME,LAST_NAME,EMAIL,PHONE_NUMBER,HIRE_DATE,JOB_ID,SALARY,COMMISSION_PCT,MANAGER_ID,DEPARTMENT_ID) values (114,'Den','Raphaely','DRAPHEAL','515.127.4561',to_date('02/12/07','RR/MM/DD'),'PU_MAN',11000,null,100,30);
Insert into HR.EMPLOYEES (EMPLOYEE_ID,FIRST_NAME,LAST_NAME,EMAIL,PHONE_NUMBER,HIRE_DATE,JOB_ID,SALARY,COMMISSION_PCT,MANAGER_ID,DEPARTMENT_ID) values (115,'Alexander','Khoo','AKHOO','515.127.4562',to_date('03/05/18','RR/MM/DD'),'PU_CLERK',3100,null,114,30);
Insert into HR.EMPLOYEES (EMPLOYEE_ID,FIRST_NAME,LAST_NAME,EMAIL,PHONE_NUMBER,HIRE_DATE,JOB_ID,SALARY,COMMISSION_PCT,MANAGER_ID,DEPARTMENT_ID) values (116,'Shelli','Baida','SBAIDA','515.127.4563',to_date('05/12/24','RR/MM/DD'),'PU_CLERK',2900,null,114,30);
Insert into HR.EMPLOYEES (EMPLOYEE_ID,FIRST_NAME,LAST_NAME,EMAIL,PHONE_NUMBER,HIRE_DATE,JOB_ID,SALARY,COMMISSION_PCT,MANAGER_ID,DEPARTMENT_ID) values (117,'Sigal','Tobias','STOBIAS','515.127.4564',to_date('05/07/24','RR/MM/DD'),'PU_CLERK',2800,null,114,30);
Insert into HR.EMPLOYEES (EMPLOYEE_ID,FIRST_NAME,LAST_NAME,EMAIL,PHONE_NUMBER,HIRE_DATE,JOB_ID,SALARY,COMMISSION_PCT,MANAGER_ID,DEPARTMENT_ID) values (118,'Guy','Himuro','GHIMURO','515.127.4565',to_date('06/11/15','RR/MM/DD'),'PU_CLERK',2600,null,114,30);
Insert into HR.EMPLOYEES (EMPLOYEE_ID,FIRST_NAME,LAST_NAME,EMAIL,PHONE_NUMBER,HIRE_DATE,JOB_ID,SALARY,COMMISSION_PCT,MANAGER_ID,DEPARTMENT_ID) values (119,'Karen','Colmenares','KCOLMENA','515.127.4566',to_date('07/08/10','RR/MM/DD'),'PU_CLERK',2500,null,114,30);
Insert into HR.EMPLOYEES (EMPLOYEE_ID,FIRST_NAME,LAST_NAME,EMAIL,PHONE_NUMBER,HIRE_DATE,JOB_ID,SALARY,COMMISSION_PCT,MANAGER_ID,DEPARTMENT_ID) values (120,'Matthew','Weiss','MWEISS','650.123.1234',to_date('04/07/18','RR/MM/DD'),'ST_MAN',8000,null,100,50);
Insert into HR.EMPLOYEES (EMPLOYEE_ID,FIRST_NAME,LAST_NAME,EMAIL,PHONE_NUMBER,HIRE_DATE,JOB_ID,SALARY,COMMISSION_PCT,MANAGER_ID,DEPARTMENT_ID) values (121,'Adam','Fripp','AFRIPP','650.123.2234',to_date('05/04/10','RR/MM/DD'),'ST_MAN',8200,null,100,50);
Insert into HR.EMPLOYEES (EMPLOYEE_ID,FIRST_NAME,LAST_NAME,EMAIL,PHONE_NUMBER,HIRE_DATE,JOB_ID,SALARY,COMMISSION_PCT,MANAGER_ID,DEPARTMENT_ID) values (122,'Payam','Kaufling','PKAUFLIN','650.123.3234',to_date('03/05/01','RR/MM/DD'),'ST_MAN',7900,null,100,50);
Insert into HR.EMPLOYEES (EMPLOYEE_ID,FIRST_NAME,LAST_NAME,EMAIL,PHONE_NUMBER,HIRE_DATE,JOB_ID,SALARY,COMMISSION_PCT,MANAGER_ID,DEPARTMENT_ID) values (123,'Shanta','Vollman','SVOLLMAN','650.123.4234',to_date('05/10/10','RR/MM/DD'),'ST_MAN',6500,null,100,50);
Insert into HR.EMPLOYEES (EMPLOYEE_ID,FIRST_NAME,LAST_NAME,EMAIL,PHONE_NUMBER,HIRE_DATE,JOB_ID,SALARY,COMMISSION_PCT,MANAGER_ID,DEPARTMENT_ID) values (124,'Kevin','Mourgos','KMOURGOS','650.123.5234',to_date('07/11/16','RR/MM/DD'),'ST_MAN',5800,null,100,50);
Insert into HR.EMPLOYEES (EMPLOYEE_ID,FIRST_NAME,LAST_NAME,EMAIL,PHONE_NUMBER,HIRE_DATE,JOB_ID,SALARY,COMMISSION_PCT,MANAGER_ID,DEPARTMENT_ID) values (125,'Julia','Nayer','JNAYER','650.124.1214',to_date('05/07/16','RR/MM/DD'),'ST_CLERK',3200,null,120,50);
Insert into HR.EMPLOYEES (EMPLOYEE_ID,FIRST_NAME,LAST_NAME,EMAIL,PHONE_NUMBER,HIRE_DATE,JOB_ID,SALARY,COMMISSION_PCT,MANAGER_ID,DEPARTMENT_ID) values (126,'Irene','Mikkilineni','IMIKKILI','650.124.1224',to_date('06/09/28','RR/MM/DD'),'ST_CLERK',2700,null,120,50);
Insert into HR.EMPLOYEES (EMPLOYEE_ID,FIRST_NAME,LAST_NAME,EMAIL,PHONE_NUMBER,HIRE_DATE,JOB_ID,SALARY,COMMISSION_PCT,MANAGER_ID,DEPARTMENT_ID) values (127,'James','Landry','JLANDRY','650.124.1334',to_date('07/01/14','RR/MM/DD'),'ST_CLERK',2400,null,120,50);
Insert into HR.EMPLOYEES (EMPLOYEE_ID,FIRST_NAME,LAST_NAME,EMAIL,PHONE_NUMBER,HIRE_DATE,JOB_ID,SALARY,COMMISSION_PCT,MANAGER_ID,DEPARTMENT_ID) values (128,'Steven','Markle','SMARKLE','650.124.1434',to_date('08/03/08','RR/MM/DD'),'ST_CLERK',2200,null,120,50);
Insert into HR.EMPLOYEES (EMPLOYEE_ID,FIRST_NAME,LAST_NAME,EMAIL,PHONE_NUMBER,HIRE_DATE,JOB_ID,SALARY,COMMISSION_PCT,MANAGER_ID,DEPARTMENT_ID) values (129,'Laura','Bissot','LBISSOT','650.124.5234',to_date('05/08/20','RR/MM/DD'),'ST_CLERK',3300,null,121,50);
Insert into HR.EMPLOYEES (EMPLOYEE_ID,FIRST_NAME,LAST_NAME,EMAIL,PHONE_NUMBER,HIRE_DATE,JOB_ID,SALARY,COMMISSION_PCT,MANAGER_ID,DEPARTMENT_ID) values (130,'Mozhe','Atkinson','MATKINSO','650.124.6234',to_date('05/10/30','RR/MM/DD'),'ST_CLERK',2800,null,121,50);
Insert into HR.EMPLOYEES (EMPLOYEE_ID,FIRST_NAME,LAST_NAME,EMAIL,PHONE_NUMBER,HIRE_DATE,JOB_ID,SALARY,COMMISSION_PCT,MANAGER_ID,DEPARTMENT_ID) values (131,'James','Marlow','JAMRLOW','650.124.7234',to_date('05/02/16','RR/MM/DD'),'ST_CLERK',2500,null,121,50);
Insert into HR.EMPLOYEES (EMPLOYEE_ID,FIRST_NAME,LAST_NAME,EMAIL,PHONE_NUMBER,HIRE_DATE,JOB_ID,SALARY,COMMISSION_PCT,MANAGER_ID,DEPARTMENT_ID) values (132,'TJ','Olson','TJOLSON','650.124.8234',to_date('07/04/10','RR/MM/DD'),'ST_CLERK',2100,null,121,50);
Insert into HR.EMPLOYEES (EMPLOYEE_ID,FIRST_NAME,LAST_NAME,EMAIL,PHONE_NUMBER,HIRE_DATE,JOB_ID,SALARY,COMMISSION_PCT,MANAGER_ID,DEPARTMENT_ID) values (133,'Jason','Mallin','JMALLIN','650.127.1934',to_date('04/06/14','RR/MM/DD'),'ST_CLERK',3300,null,122,50);
Insert into HR.EMPLOYEES (EMPLOYEE_ID,FIRST_NAME,LAST_NAME,EMAIL,PHONE_NUMBER,HIRE_DATE,JOB_ID,SALARY,COMMISSION_PCT,MANAGER_ID,DEPARTMENT_ID) values (134,'Michael','Rogers','MROGERS','650.127.1834',to_date('06/08/26','RR/MM/DD'),'ST_CLERK',2900,null,122,50);
Insert into HR.EMPLOYEES (EMPLOYEE_ID,FIRST_NAME,LAST_NAME,EMAIL,PHONE_NUMBER,HIRE_DATE,JOB_ID,SALARY,COMMISSION_PCT,MANAGER_ID,DEPARTMENT_ID) values (135,'Ki','Gee','KGEE','650.127.1734',to_date('07/12/12','RR/MM/DD'),'ST_CLERK',2400,null,122,50);
Insert into HR.EMPLOYEES (EMPLOYEE_ID,FIRST_NAME,LAST_NAME,EMAIL,PHONE_NUMBER,HIRE_DATE,JOB_ID,SALARY,COMMISSION_PCT,MANAGER_ID,DEPARTMENT_ID) values (136,'Hazel','Philtanker','HPHILTAN','650.127.1634',to_date('08/02/06','RR/MM/DD'),'ST_CLERK',2200,null,122,50);
Insert into HR.EMPLOYEES (EMPLOYEE_ID,FIRST_NAME,LAST_NAME,EMAIL,PHONE_NUMBER,HIRE_DATE,JOB_ID,SALARY,COMMISSION_PCT,MANAGER_ID,DEPARTMENT_ID) values (137,'Renske','Ladwig','RLADWIG','650.121.1234',to_date('03/07/14','RR/MM/DD'),'ST_CLERK',3600,null,123,50);
Insert into HR.EMPLOYEES (EMPLOYEE_ID,FIRST_NAME,LAST_NAME,EMAIL,PHONE_NUMBER,HIRE_DATE,JOB_ID,SALARY,COMMISSION_PCT,MANAGER_ID,DEPARTMENT_ID) values (138,'Stephen','Stiles','SSTILES','650.121.2034',to_date('05/10/26','RR/MM/DD'),'ST_CLERK',3200,null,123,50);
Insert into HR.EMPLOYEES (EMPLOYEE_ID,FIRST_NAME,LAST_NAME,EMAIL,PHONE_NUMBER,HIRE_DATE,JOB_ID,SALARY,COMMISSION_PCT,MANAGER_ID,DEPARTMENT_ID) values (139,'John','Seo','JSEO','650.121.2019',to_date('06/02/12','RR/MM/DD'),'ST_CLERK',2700,null,123,50);
Insert into HR.EMPLOYEES (EMPLOYEE_ID,FIRST_NAME,LAST_NAME,EMAIL,PHONE_NUMBER,HIRE_DATE,JOB_ID,SALARY,COMMISSION_PCT,MANAGER_ID,DEPARTMENT_ID) values (140,'Joshua','Patel','JPATEL','650.121.1834',to_date('06/04/06','RR/MM/DD'),'ST_CLERK',2500,null,123,50);
Insert into HR.EMPLOYEES (EMPLOYEE_ID,FIRST_NAME,LAST_NAME,EMAIL,PHONE_NUMBER,HIRE_DATE,JOB_ID,SALARY,COMMISSION_PCT,MANAGER_ID,DEPARTMENT_ID) values (141,'Trenna','Rajs','TRAJS','650.121.8009',to_date('03/10/17','RR/MM/DD'),'ST_CLERK',3500,null,124,50);
Insert into HR.EMPLOYEES (EMPLOYEE_ID,FIRST_NAME,LAST_NAME,EMAIL,PHONE_NUMBER,HIRE_DATE,JOB_ID,SALARY,COMMISSION_PCT,MANAGER_ID,DEPARTMENT_ID) values (142,'Curtis','Davies','CDAVIES','650.121.2994',to_date('05/01/29','RR/MM/DD'),'ST_CLERK',3100,null,124,50);
Insert into HR.EMPLOYEES (EMPLOYEE_ID,FIRST_NAME,LAST_NAME,EMAIL,PHONE_NUMBER,HIRE_DATE,JOB_ID,SALARY,COMMISSION_PCT,MANAGER_ID,DEPARTMENT_ID) values (143,'Randall','Matos','RMATOS','650.121.2874',to_date('06/03/15','RR/MM/DD'),'ST_CLERK',2600,null,124,50);
Insert into HR.EMPLOYEES (EMPLOYEE_ID,FIRST_NAME,LAST_NAME,EMAIL,PHONE_NUMBER,HIRE_DATE,JOB_ID,SALARY,COMMISSION_PCT,MANAGER_ID,DEPARTMENT_ID) values (144,'Peter','Vargas','PVARGAS','650.121.2004',to_date('06/07/09','RR/MM/DD'),'ST_CLERK',2500,null,124,50);
Insert into HR.EMPLOYEES (EMPLOYEE_ID,FIRST_NAME,LAST_NAME,EMAIL,PHONE_NUMBER,HIRE_DATE,JOB_ID,SALARY,COMMISSION_PCT,MANAGER_ID,DEPARTMENT_ID) values (145,'John','Russell','JRUSSEL','011.44.1344.429268',to_date('04/10/01','RR/MM/DD'),'SA_MAN',14000,0.4,100,80);
Insert into HR.EMPLOYEES (EMPLOYEE_ID,FIRST_NAME,LAST_NAME,EMAIL,PHONE_NUMBER,HIRE_DATE,JOB_ID,SALARY,COMMISSION_PCT,MANAGER_ID,DEPARTMENT_ID) values (146,'Karen','Partners','KPARTNER','011.44.1344.467268',to_date('05/01/05','RR/MM/DD'),'SA_MAN',13500,0.3,100,80);
Insert into HR.EMPLOYEES (EMPLOYEE_ID,FIRST_NAME,LAST_NAME,EMAIL,PHONE_NUMBER,HIRE_DATE,JOB_ID,SALARY,COMMISSION_PCT,MANAGER_ID,DEPARTMENT_ID) values (147,'Alberto','Errazuriz','AERRAZUR','011.44.1344.429278',to_date('05/03/10','RR/MM/DD'),'SA_MAN',12000,0.3,100,80);
Insert into HR.EMPLOYEES (EMPLOYEE_ID,FIRST_NAME,LAST_NAME,EMAIL,PHONE_NUMBER,HIRE_DATE,JOB_ID,SALARY,COMMISSION_PCT,MANAGER_ID,DEPARTMENT_ID) values (148,'Gerald','Cambrault','GCAMBRAU','011.44.1344.619268',to_date('07/10/15','RR/MM/DD'),'SA_MAN',11000,0.3,100,80);
Insert into HR.EMPLOYEES (EMPLOYEE_ID,FIRST_NAME,LAST_NAME,EMAIL,PHONE_NUMBER,HIRE_DATE,JOB_ID,SALARY,COMMISSION_PCT,MANAGER_ID,DEPARTMENT_ID) values (149,'Eleni','Zlotkey','EZLOTKEY','011.44.1344.429018',to_date('08/01/29','RR/MM/DD'),'SA_MAN',10500,0.2,100,80);
Insert into HR.EMPLOYEES (EMPLOYEE_ID,FIRST_NAME,LAST_NAME,EMAIL,PHONE_NUMBER,HIRE_DATE,JOB_ID,SALARY,COMMISSION_PCT,MANAGER_ID,DEPARTMENT_ID) values (150,'Peter','Tucker','PTUCKER','011.44.1344.129268',to_date('05/01/30','RR/MM/DD'),'SA_REP',10000,0.3,145,80);
Insert into HR.EMPLOYEES (EMPLOYEE_ID,FIRST_NAME,LAST_NAME,EMAIL,PHONE_NUMBER,HIRE_DATE,JOB_ID,SALARY,COMMISSION_PCT,MANAGER_ID,DEPARTMENT_ID) values (151,'David','Bernstein','DBERNSTE','011.44.1344.345268',to_date('05/03/24','RR/MM/DD'),'SA_REP',9500,0.25,145,80);
Insert into HR.EMPLOYEES (EMPLOYEE_ID,FIRST_NAME,LAST_NAME,EMAIL,PHONE_NUMBER,HIRE_DATE,JOB_ID,SALARY,COMMISSION_PCT,MANAGER_ID,DEPARTMENT_ID) values (152,'Peter','Hall','PHALL','011.44.1344.478968',to_date('05/08/20','RR/MM/DD'),'SA_REP',9000,0.25,145,80);
Insert into HR.EMPLOYEES (EMPLOYEE_ID,FIRST_NAME,LAST_NAME,EMAIL,PHONE_NUMBER,HIRE_DATE,JOB_ID,SALARY,COMMISSION_PCT,MANAGER_ID,DEPARTMENT_ID) values (153,'Christopher','Olsen','COLSEN','011.44.1344.498718',to_date('06/03/30','RR/MM/DD'),'SA_REP',8000,0.2,145,80);
Insert into HR.EMPLOYEES (EMPLOYEE_ID,FIRST_NAME,LAST_NAME,EMAIL,PHONE_NUMBER,HIRE_DATE,JOB_ID,SALARY,COMMISSION_PCT,MANAGER_ID,DEPARTMENT_ID) values (154,'Nanette','Cambrault','NCAMBRAU','011.44.1344.987668',to_date('06/12/09','RR/MM/DD'),'SA_REP',7500,0.2,145,80);
Insert into HR.EMPLOYEES (EMPLOYEE_ID,FIRST_NAME,LAST_NAME,EMAIL,PHONE_NUMBER,HIRE_DATE,JOB_ID,SALARY,COMMISSION_PCT,MANAGER_ID,DEPARTMENT_ID) values (155,'Oliver','Tuvault','OTUVAULT','011.44.1344.486508',to_date('07/11/23','RR/MM/DD'),'SA_REP',7000,0.15,145,80);
Insert into HR.EMPLOYEES (EMPLOYEE_ID,FIRST_NAME,LAST_NAME,EMAIL,PHONE_NUMBER,HIRE_DATE,JOB_ID,SALARY,COMMISSION_PCT,MANAGER_ID,DEPARTMENT_ID) values (156,'Janette','King','JKING','011.44.1345.429268',to_date('04/01/30','RR/MM/DD'),'SA_REP',10000,0.35,146,80);
Insert into HR.EMPLOYEES (EMPLOYEE_ID,FIRST_NAME,LAST_NAME,EMAIL,PHONE_NUMBER,HIRE_DATE,JOB_ID,SALARY,COMMISSION_PCT,MANAGER_ID,DEPARTMENT_ID) values (157,'Patrick','Sully','PSULLY','011.44.1345.929268',to_date('04/03/04','RR/MM/DD'),'SA_REP',9500,0.35,146,80);
Insert into HR.EMPLOYEES (EMPLOYEE_ID,FIRST_NAME,LAST_NAME,EMAIL,PHONE_NUMBER,HIRE_DATE,JOB_ID,SALARY,COMMISSION_PCT,MANAGER_ID,DEPARTMENT_ID) values (158,'Allan','McEwen','AMCEWEN','011.44.1345.829268',to_date('04/08/01','RR/MM/DD'),'SA_REP',9000,0.35,146,80);
Insert into HR.EMPLOYEES (EMPLOYEE_ID,FIRST_NAME,LAST_NAME,EMAIL,PHONE_NUMBER,HIRE_DATE,JOB_ID,SALARY,COMMISSION_PCT,MANAGER_ID,DEPARTMENT_ID) values (159,'Lindsey','Smith','LSMITH','011.44.1345.729268',to_date('05/03/10','RR/MM/DD'),'SA_REP',8000,0.3,146,80);
Insert into HR.EMPLOYEES (EMPLOYEE_ID,FIRST_NAME,LAST_NAME,EMAIL,PHONE_NUMBER,HIRE_DATE,JOB_ID,SALARY,COMMISSION_PCT,MANAGER_ID,DEPARTMENT_ID) values (160,'Louise','Doran','LDORAN','011.44.1345.629268',to_date('05/12/15','RR/MM/DD'),'SA_REP',7500,0.3,146,80);
Insert into HR.EMPLOYEES (EMPLOYEE_ID,FIRST_NAME,LAST_NAME,EMAIL,PHONE_NUMBER,HIRE_DATE,JOB_ID,SALARY,COMMISSION_PCT,MANAGER_ID,DEPARTMENT_ID) values (161,'Sarath','Sewall','SSEWALL','011.44.1345.529268',to_date('06/11/03','RR/MM/DD'),'SA_REP',7000,0.25,146,80);
Insert into HR.EMPLOYEES (EMPLOYEE_ID,FIRST_NAME,LAST_NAME,EMAIL,PHONE_NUMBER,HIRE_DATE,JOB_ID,SALARY,COMMISSION_PCT,MANAGER_ID,DEPARTMENT_ID) values (162,'Clara','Vishney','CVISHNEY','011.44.1346.129268',to_date('05/11/11','RR/MM/DD'),'SA_REP',10500,0.25,147,80);
Insert into HR.EMPLOYEES (EMPLOYEE_ID,FIRST_NAME,LAST_NAME,EMAIL,PHONE_NUMBER,HIRE_DATE,JOB_ID,SALARY,COMMISSION_PCT,MANAGER_ID,DEPARTMENT_ID) values (163,'Danielle','Greene','DGREENE','011.44.1346.229268',to_date('07/03/19','RR/MM/DD'),'SA_REP',9500,0.15,147,80);
Insert into HR.EMPLOYEES (EMPLOYEE_ID,FIRST_NAME,LAST_NAME,EMAIL,PHONE_NUMBER,HIRE_DATE,JOB_ID,SALARY,COMMISSION_PCT,MANAGER_ID,DEPARTMENT_ID) values (164,'Mattea','Marvins','MMARVINS','011.44.1346.329268',to_date('08/01/24','RR/MM/DD'),'SA_REP',7200,0.1,147,80);
Insert into HR.EMPLOYEES (EMPLOYEE_ID,FIRST_NAME,LAST_NAME,EMAIL,PHONE_NUMBER,HIRE_DATE,JOB_ID,SALARY,COMMISSION_PCT,MANAGER_ID,DEPARTMENT_ID) values (165,'David','Lee','DLEE','011.44.1346.529268',to_date('08/02/23','RR/MM/DD'),'SA_REP',6800,0.1,147,80);
Insert into HR.EMPLOYEES (EMPLOYEE_ID,FIRST_NAME,LAST_NAME,EMAIL,PHONE_NUMBER,HIRE_DATE,JOB_ID,SALARY,COMMISSION_PCT,MANAGER_ID,DEPARTMENT_ID) values (166,'Sundar','Ande','SANDE','011.44.1346.629268',to_date('08/03/24','RR/MM/DD'),'SA_REP',6400,0.1,147,80);
Insert into HR.EMPLOYEES (EMPLOYEE_ID,FIRST_NAME,LAST_NAME,EMAIL,PHONE_NUMBER,HIRE_DATE,JOB_ID,SALARY,COMMISSION_PCT,MANAGER_ID,DEPARTMENT_ID) values (167,'Amit','Banda','ABANDA','011.44.1346.729268',to_date('08/04/21','RR/MM/DD'),'SA_REP',6200,0.1,147,80);
Insert into HR.EMPLOYEES (EMPLOYEE_ID,FIRST_NAME,LAST_NAME,EMAIL,PHONE_NUMBER,HIRE_DATE,JOB_ID,SALARY,COMMISSION_PCT,MANAGER_ID,DEPARTMENT_ID) values (168,'Lisa','Ozer','LOZER','011.44.1343.929268',to_date('05/03/11','RR/MM/DD'),'SA_REP',11500,0.25,148,80);
Insert into HR.EMPLOYEES (EMPLOYEE_ID,FIRST_NAME,LAST_NAME,EMAIL,PHONE_NUMBER,HIRE_DATE,JOB_ID,SALARY,COMMISSION_PCT,MANAGER_ID,DEPARTMENT_ID) values (169,'Harrison','Bloom','HBLOOM','011.44.1343.829268',to_date('06/03/23','RR/MM/DD'),'SA_REP',10000,0.2,148,80);
Insert into HR.EMPLOYEES (EMPLOYEE_ID,FIRST_NAME,LAST_NAME,EMAIL,PHONE_NUMBER,HIRE_DATE,JOB_ID,SALARY,COMMISSION_PCT,MANAGER_ID,DEPARTMENT_ID) values (170,'Tayler','Fox','TFOX','011.44.1343.729268',to_date('06/01/24','RR/MM/DD'),'SA_REP',9600,0.2,148,80);
Insert into HR.EMPLOYEES (EMPLOYEE_ID,FIRST_NAME,LAST_NAME,EMAIL,PHONE_NUMBER,HIRE_DATE,JOB_ID,SALARY,COMMISSION_PCT,MANAGER_ID,DEPARTMENT_ID) values (171,'William','Smith','WSMITH','011.44.1343.629268',to_date('07/02/23','RR/MM/DD'),'SA_REP',7400,0.15,148,80);
Insert into HR.EMPLOYEES (EMPLOYEE_ID,FIRST_NAME,LAST_NAME,EMAIL,PHONE_NUMBER,HIRE_DATE,JOB_ID,SALARY,COMMISSION_PCT,MANAGER_ID,DEPARTMENT_ID) values (172,'Elizabeth','Bates','EBATES','011.44.1343.529268',to_date('07/03/24','RR/MM/DD'),'SA_REP',7300,0.15,148,80);
Insert into HR.EMPLOYEES (EMPLOYEE_ID,FIRST_NAME,LAST_NAME,EMAIL,PHONE_NUMBER,HIRE_DATE,JOB_ID,SALARY,COMMISSION_PCT,MANAGER_ID,DEPARTMENT_ID) values (173,'Sundita','Kumar','SKUMAR','011.44.1343.329268',to_date('08/04/21','RR/MM/DD'),'SA_REP',6100,0.1,148,80);
Insert into HR.EMPLOYEES (EMPLOYEE_ID,FIRST_NAME,LAST_NAME,EMAIL,PHONE_NUMBER,HIRE_DATE,JOB_ID,SALARY,COMMISSION_PCT,MANAGER_ID,DEPARTMENT_ID) values (174,'Ellen','Abel','EABEL','011.44.1644.429267',to_date('04/05/11','RR/MM/DD'),'SA_REP',11000,0.3,149,80);
Insert into HR.EMPLOYEES (EMPLOYEE_ID,FIRST_NAME,LAST_NAME,EMAIL,PHONE_NUMBER,HIRE_DATE,JOB_ID,SALARY,COMMISSION_PCT,MANAGER_ID,DEPARTMENT_ID) values (175,'Alyssa','Hutton','AHUTTON','011.44.1644.429266',to_date('05/03/19','RR/MM/DD'),'SA_REP',8800,0.25,149,80);
Insert into HR.EMPLOYEES (EMPLOYEE_ID,FIRST_NAME,LAST_NAME,EMAIL,PHONE_NUMBER,HIRE_DATE,JOB_ID,SALARY,COMMISSION_PCT,MANAGER_ID,DEPARTMENT_ID) values (176,'Jonathon','Taylor','JTAYLOR','011.44.1644.429265',to_date('06/03/24','RR/MM/DD'),'SA_REP',8600,0.2,149,80);
Insert into HR.EMPLOYEES (EMPLOYEE_ID,FIRST_NAME,LAST_NAME,EMAIL,PHONE_NUMBER,HIRE_DATE,JOB_ID,SALARY,COMMISSION_PCT,MANAGER_ID,DEPARTMENT_ID) values (177,'Jack','Livingston','JLIVINGS','011.44.1644.429264',to_date('06/04/23','RR/MM/DD'),'SA_REP',8400,0.2,149,80);
Insert into HR.EMPLOYEES (EMPLOYEE_ID,FIRST_NAME,LAST_NAME,EMAIL,PHONE_NUMBER,HIRE_DATE,JOB_ID,SALARY,COMMISSION_PCT,MANAGER_ID,DEPARTMENT_ID) values (178,'Kimberely','Grant','KGRANT','011.44.1644.429263',to_date('07/05/24','RR/MM/DD'),'SA_REP',7000,0.15,149,null);
Insert into HR.EMPLOYEES (EMPLOYEE_ID,FIRST_NAME,LAST_NAME,EMAIL,PHONE_NUMBER,HIRE_DATE,JOB_ID,SALARY,COMMISSION_PCT,MANAGER_ID,DEPARTMENT_ID) values (179,'Charles','Johnson','CJOHNSON','011.44.1644.429262',to_date('08/01/04','RR/MM/DD'),'SA_REP',6200,0.1,149,80);
Insert into HR.EMPLOYEES (EMPLOYEE_ID,FIRST_NAME,LAST_NAME,EMAIL,PHONE_NUMBER,HIRE_DATE,JOB_ID,SALARY,COMMISSION_PCT,MANAGER_ID,DEPARTMENT_ID) values (180,'Winston','Taylor','WTAYLOR','650.507.9876',to_date('06/01/24','RR/MM/DD'),'SH_CLERK',3200,null,120,50);
Insert into HR.EMPLOYEES (EMPLOYEE_ID,FIRST_NAME,LAST_NAME,EMAIL,PHONE_NUMBER,HIRE_DATE,JOB_ID,SALARY,COMMISSION_PCT,MANAGER_ID,DEPARTMENT_ID) values (181,'Jean','Fleaur','JFLEAUR','650.507.9877',to_date('06/02/23','RR/MM/DD'),'SH_CLERK',3100,null,120,50);
Insert into HR.EMPLOYEES (EMPLOYEE_ID,FIRST_NAME,LAST_NAME,EMAIL,PHONE_NUMBER,HIRE_DATE,JOB_ID,SALARY,COMMISSION_PCT,MANAGER_ID,DEPARTMENT_ID) values (182,'Martha','Sullivan','MSULLIVA','650.507.9878',to_date('07/06/21','RR/MM/DD'),'SH_CLERK',2500,null,120,50);
Insert into HR.EMPLOYEES (EMPLOYEE_ID,FIRST_NAME,LAST_NAME,EMAIL,PHONE_NUMBER,HIRE_DATE,JOB_ID,SALARY,COMMISSION_PCT,MANAGER_ID,DEPARTMENT_ID) values (183,'Girard','Geoni','GGEONI','650.507.9879',to_date('08/02/03','RR/MM/DD'),'SH_CLERK',2800,null,120,50);
Insert into HR.EMPLOYEES (EMPLOYEE_ID,FIRST_NAME,LAST_NAME,EMAIL,PHONE_NUMBER,HIRE_DATE,JOB_ID,SALARY,COMMISSION_PCT,MANAGER_ID,DEPARTMENT_ID) values (184,'Nandita','Sarchand','NSARCHAN','650.509.1876',to_date('04/01/27','RR/MM/DD'),'SH_CLERK',4200,null,121,50);
Insert into HR.EMPLOYEES (EMPLOYEE_ID,FIRST_NAME,LAST_NAME,EMAIL,PHONE_NUMBER,HIRE_DATE,JOB_ID,SALARY,COMMISSION_PCT,MANAGER_ID,DEPARTMENT_ID) values (185,'Alexis','Bull','ABULL','650.509.2876',to_date('05/02/20','RR/MM/DD'),'SH_CLERK',4100,null,121,50);
Insert into HR.EMPLOYEES (EMPLOYEE_ID,FIRST_NAME,LAST_NAME,EMAIL,PHONE_NUMBER,HIRE_DATE,JOB_ID,SALARY,COMMISSION_PCT,MANAGER_ID,DEPARTMENT_ID) values (186,'Julia','Dellinger','JDELLING','650.509.3876',to_date('06/06/24','RR/MM/DD'),'SH_CLERK',3400,null,121,50);
Insert into HR.EMPLOYEES (EMPLOYEE_ID,FIRST_NAME,LAST_NAME,EMAIL,PHONE_NUMBER,HIRE_DATE,JOB_ID,SALARY,COMMISSION_PCT,MANAGER_ID,DEPARTMENT_ID) values (187,'Anthony','Cabrio','ACABRIO','650.509.4876',to_date('07/02/07','RR/MM/DD'),'SH_CLERK',3000,null,121,50);
Insert into HR.EMPLOYEES (EMPLOYEE_ID,FIRST_NAME,LAST_NAME,EMAIL,PHONE_NUMBER,HIRE_DATE,JOB_ID,SALARY,COMMISSION_PCT,MANAGER_ID,DEPARTMENT_ID) values (188,'Kelly','Chung','KCHUNG','650.505.1876',to_date('05/06/14','RR/MM/DD'),'SH_CLERK',3800,null,122,50);
Insert into HR.EMPLOYEES (EMPLOYEE_ID,FIRST_NAME,LAST_NAME,EMAIL,PHONE_NUMBER,HIRE_DATE,JOB_ID,SALARY,COMMISSION_PCT,MANAGER_ID,DEPARTMENT_ID) values (189,'Jennifer','Dilly','JDILLY','650.505.2876',to_date('05/08/13','RR/MM/DD'),'SH_CLERK',3600,null,122,50);
Insert into HR.EMPLOYEES (EMPLOYEE_ID,FIRST_NAME,LAST_NAME,EMAIL,PHONE_NUMBER,HIRE_DATE,JOB_ID,SALARY,COMMISSION_PCT,MANAGER_ID,DEPARTMENT_ID) values (190,'Timothy','Gates','TGATES','650.505.3876',to_date('06/07/11','RR/MM/DD'),'SH_CLERK',2900,null,122,50);
Insert into HR.EMPLOYEES (EMPLOYEE_ID,FIRST_NAME,LAST_NAME,EMAIL,PHONE_NUMBER,HIRE_DATE,JOB_ID,SALARY,COMMISSION_PCT,MANAGER_ID,DEPARTMENT_ID) values (191,'Randall','Perkins','RPERKINS','650.505.4876',to_date('07/12/19','RR/MM/DD'),'SH_CLERK',2500,null,122,50);
Insert into HR.EMPLOYEES (EMPLOYEE_ID,FIRST_NAME,LAST_NAME,EMAIL,PHONE_NUMBER,HIRE_DATE,JOB_ID,SALARY,COMMISSION_PCT,MANAGER_ID,DEPARTMENT_ID) values (192,'Sarah','Bell','SBELL','650.501.1876',to_date('04/02/04','RR/MM/DD'),'SH_CLERK',4000,null,123,50);
Insert into HR.EMPLOYEES (EMPLOYEE_ID,FIRST_NAME,LAST_NAME,EMAIL,PHONE_NUMBER,HIRE_DATE,JOB_ID,SALARY,COMMISSION_PCT,MANAGER_ID,DEPARTMENT_ID) values (193,'Britney','Everett','BEVERETT','650.501.2876',to_date('05/03/03','RR/MM/DD'),'SH_CLERK',3900,null,123,50);
Insert into HR.EMPLOYEES (EMPLOYEE_ID,FIRST_NAME,LAST_NAME,EMAIL,PHONE_NUMBER,HIRE_DATE,JOB_ID,SALARY,COMMISSION_PCT,MANAGER_ID,DEPARTMENT_ID) values (194,'Samuel','McCain','SMCCAIN','650.501.3876',to_date('06/07/01','RR/MM/DD'),'SH_CLERK',3200,null,123,50);
Insert into HR.EMPLOYEES (EMPLOYEE_ID,FIRST_NAME,LAST_NAME,EMAIL,PHONE_NUMBER,HIRE_DATE,JOB_ID,SALARY,COMMISSION_PCT,MANAGER_ID,DEPARTMENT_ID) values (195,'Vance','Jones','VJONES','650.501.4876',to_date('07/03/17','RR/MM/DD'),'SH_CLERK',2800,null,123,50);
Insert into HR.EMPLOYEES (EMPLOYEE_ID,FIRST_NAME,LAST_NAME,EMAIL,PHONE_NUMBER,HIRE_DATE,JOB_ID,SALARY,COMMISSION_PCT,MANAGER_ID,DEPARTMENT_ID) values (196,'Alana','Walsh','AWALSH','650.507.9811',to_date('06/04/24','RR/MM/DD'),'SH_CLERK',3100,null,124,50);
Insert into HR.EMPLOYEES (EMPLOYEE_ID,FIRST_NAME,LAST_NAME,EMAIL,PHONE_NUMBER,HIRE_DATE,JOB_ID,SALARY,COMMISSION_PCT,MANAGER_ID,DEPARTMENT_ID) values (197,'Kevin','Feeney','KFEENEY','650.507.9822',to_date('06/05/23','RR/MM/DD'),'SH_CLERK',3000,null,124,50);
Insert into HR.EMPLOYEES (EMPLOYEE_ID,FIRST_NAME,LAST_NAME,EMAIL,PHONE_NUMBER,HIRE_DATE,JOB_ID,SALARY,COMMISSION_PCT,MANAGER_ID,DEPARTMENT_ID) values (198,'Donald','OConnell','DOCONNEL','650.507.9833',to_date('07/06/21','RR/MM/DD'),'SH_CLERK',2600,null,124,50);
Insert into HR.EMPLOYEES (EMPLOYEE_ID,FIRST_NAME,LAST_NAME,EMAIL,PHONE_NUMBER,HIRE_DATE,JOB_ID,SALARY,COMMISSION_PCT,MANAGER_ID,DEPARTMENT_ID) values (199,'Douglas','Grant','DGRANT','650.507.9844',to_date('08/01/13','RR/MM/DD'),'SH_CLERK',2600,null,124,50);
Insert into HR.EMPLOYEES (EMPLOYEE_ID,FIRST_NAME,LAST_NAME,EMAIL,PHONE_NUMBER,HIRE_DATE,JOB_ID,SALARY,COMMISSION_PCT,MANAGER_ID,DEPARTMENT_ID) values (200,'Jennifer','Whalen','JWHALEN','515.123.4444',to_date('03/09/17','RR/MM/DD'),'AD_ASST',4400,null,101,10);
Insert into HR.EMPLOYEES (EMPLOYEE_ID,FIRST_NAME,LAST_NAME,EMAIL,PHONE_NUMBER,HIRE_DATE,JOB_ID,SALARY,COMMISSION_PCT,MANAGER_ID,DEPARTMENT_ID) values (201,'Michael','Hartstein','MHARTSTE','515.123.5555',to_date('04/02/17','RR/MM/DD'),'MK_MAN',13000,null,100,20);
Insert into HR.EMPLOYEES (EMPLOYEE_ID,FIRST_NAME,LAST_NAME,EMAIL,PHONE_NUMBER,HIRE_DATE,JOB_ID,SALARY,COMMISSION_PCT,MANAGER_ID,DEPARTMENT_ID) values (202,'Pat','Fay','PFAY','603.123.6666',to_date('05/08/17','RR/MM/DD'),'MK_REP',6000,null,201,20);
Insert into HR.EMPLOYEES (EMPLOYEE_ID,FIRST_NAME,LAST_NAME,EMAIL,PHONE_NUMBER,HIRE_DATE,JOB_ID,SALARY,COMMISSION_PCT,MANAGER_ID,DEPARTMENT_ID) values (203,'Susan','Mavris','SMAVRIS','515.123.7777',to_date('02/06/07','RR/MM/DD'),'HR_REP',6500,null,101,40);
Insert into HR.EMPLOYEES (EMPLOYEE_ID,FIRST_NAME,LAST_NAME,EMAIL,PHONE_NUMBER,HIRE_DATE,JOB_ID,SALARY,COMMISSION_PCT,MANAGER_ID,DEPARTMENT_ID) values (204,'Hermann','Baer','HBAER','515.123.8888',to_date('02/06/07','RR/MM/DD'),'PR_REP',10000,null,101,70);
Insert into HR.EMPLOYEES (EMPLOYEE_ID,FIRST_NAME,LAST_NAME,EMAIL,PHONE_NUMBER,HIRE_DATE,JOB_ID,SALARY,COMMISSION_PCT,MANAGER_ID,DEPARTMENT_ID) values (205,'Shelley','Higgins','SHIGGINS','515.123.8080',to_date('02/06/07','RR/MM/DD'),'AC_MGR',12008,null,101,110);
Insert into HR.EMPLOYEES (EMPLOYEE_ID,FIRST_NAME,LAST_NAME,EMAIL,PHONE_NUMBER,HIRE_DATE,JOB_ID,SALARY,COMMISSION_PCT,MANAGER_ID,DEPARTMENT_ID) values (206,'William','Gietz','WGIETZ','515.123.8181',to_date('02/06/07','RR/MM/DD'),'AC_ACCOUNT',8300,null,205,110);
REM INSERTING into HR.JOBS
SET DEFINE OFF;
Insert into HR.JOBS (JOB_ID,JOB_TITLE,MIN_SALARY,MAX_SALARY) values ('AD_PRES','President',20080,40000);
Insert into HR.JOBS (JOB_ID,JOB_TITLE,MIN_SALARY,MAX_SALARY) values ('AD_VP','Administration Vice President',15000,30000);
Insert into HR.JOBS (JOB_ID,JOB_TITLE,MIN_SALARY,MAX_SALARY) values ('AD_ASST','Administration Assistant',3000,6000);
Insert into HR.JOBS (JOB_ID,JOB_TITLE,MIN_SALARY,MAX_SALARY) values ('FI_MGR','Finance Manager',8200,16000);
Insert into HR.JOBS (JOB_ID,JOB_TITLE,MIN_SALARY,MAX_SALARY) values ('FI_ACCOUNT','Accountant',4200,9000);
Insert into HR.JOBS (JOB_ID,JOB_TITLE,MIN_SALARY,MAX_SALARY) values ('AC_MGR','Accounting Manager',8200,16000);
Insert into HR.JOBS (JOB_ID,JOB_TITLE,MIN_SALARY,MAX_SALARY) values ('AC_ACCOUNT','Public Accountant',4200,9000);
Insert into HR.JOBS (JOB_ID,JOB_TITLE,MIN_SALARY,MAX_SALARY) values ('SA_MAN','Sales Manager',10000,20080);
Insert into HR.JOBS (JOB_ID,JOB_TITLE,MIN_SALARY,MAX_SALARY) values ('SA_REP','Sales Representative',6000,12008);
Insert into HR.JOBS (JOB_ID,JOB_TITLE,MIN_SALARY,MAX_SALARY) values ('PU_MAN','Purchasing Manager',8000,15000);
Insert into HR.JOBS (JOB_ID,JOB_TITLE,MIN_SALARY,MAX_SALARY) values ('PU_CLERK','Purchasing Clerk',2500,5500);
Insert into HR.JOBS (JOB_ID,JOB_TITLE,MIN_SALARY,MAX_SALARY) values ('ST_MAN','Stock Manager',5500,8500);
Insert into HR.JOBS (JOB_ID,JOB_TITLE,MIN_SALARY,MAX_SALARY) values ('ST_CLERK','Stock Clerk',2008,5000);
Insert into HR.JOBS (JOB_ID,JOB_TITLE,MIN_SALARY,MAX_SALARY) values ('SH_CLERK','Shipping Clerk',2500,5500);
Insert into HR.JOBS (JOB_ID,JOB_TITLE,MIN_SALARY,MAX_SALARY) values ('IT_PROG','Programmer',4000,10000);
Insert into HR.JOBS (JOB_ID,JOB_TITLE,MIN_SALARY,MAX_SALARY) values ('MK_MAN','Marketing Manager',9000,15000);
Insert into HR.JOBS (JOB_ID,JOB_TITLE,MIN_SALARY,MAX_SALARY) values ('MK_REP','Marketing Representative',4000,9000);
Insert into HR.JOBS (JOB_ID,JOB_TITLE,MIN_SALARY,MAX_SALARY) values ('HR_REP','Human Resources Representative',4000,9000);
Insert into HR.JOBS (JOB_ID,JOB_TITLE,MIN_SALARY,MAX_SALARY) values ('PR_REP','Public Relations Representative',4500,10500);
REM INSERTING into HR.JOB_HISTORY
SET DEFINE OFF;
Insert into HR.JOB_HISTORY (EMPLOYEE_ID,START_DATE,END_DATE,JOB_ID,DEPARTMENT_ID) values (102,to_date('01/01/13','RR/MM/DD'),to_date('06/07/24','RR/MM/DD'),'IT_PROG',60);
Insert into HR.JOB_HISTORY (EMPLOYEE_ID,START_DATE,END_DATE,JOB_ID,DEPARTMENT_ID) values (101,to_date('97/09/21','RR/MM/DD'),to_date('01/10/27','RR/MM/DD'),'AC_ACCOUNT',110);
Insert into HR.JOB_HISTORY (EMPLOYEE_ID,START_DATE,END_DATE,JOB_ID,DEPARTMENT_ID) values (101,to_date('01/10/28','RR/MM/DD'),to_date('05/03/15','RR/MM/DD'),'AC_MGR',110);
Insert into HR.JOB_HISTORY (EMPLOYEE_ID,START_DATE,END_DATE,JOB_ID,DEPARTMENT_ID) values (201,to_date('04/02/17','RR/MM/DD'),to_date('07/12/19','RR/MM/DD'),'MK_REP',20);
Insert into HR.JOB_HISTORY (EMPLOYEE_ID,START_DATE,END_DATE,JOB_ID,DEPARTMENT_ID) values (114,to_date('06/03/24','RR/MM/DD'),to_date('07/12/31','RR/MM/DD'),'ST_CLERK',50);
Insert into HR.JOB_HISTORY (EMPLOYEE_ID,START_DATE,END_DATE,JOB_ID,DEPARTMENT_ID) values (122,to_date('07/01/01','RR/MM/DD'),to_date('07/12/31','RR/MM/DD'),'ST_CLERK',50);
Insert into HR.JOB_HISTORY (EMPLOYEE_ID,START_DATE,END_DATE,JOB_ID,DEPARTMENT_ID) values (200,to_date('95/09/17','RR/MM/DD'),to_date('01/06/17','RR/MM/DD'),'AD_ASST',90);
Insert into HR.JOB_HISTORY (EMPLOYEE_ID,START_DATE,END_DATE,JOB_ID,DEPARTMENT_ID) values (176,to_date('06/03/24','RR/MM/DD'),to_date('06/12/31','RR/MM/DD'),'SA_REP',80);
Insert into HR.JOB_HISTORY (EMPLOYEE_ID,START_DATE,END_DATE,JOB_ID,DEPARTMENT_ID) values (176,to_date('07/01/01','RR/MM/DD'),to_date('07/12/31','RR/MM/DD'),'SA_MAN',80);
Insert into HR.JOB_HISTORY (EMPLOYEE_ID,START_DATE,END_DATE,JOB_ID,DEPARTMENT_ID) values (200,to_date('02/07/01','RR/MM/DD'),to_date('06/12/31','RR/MM/DD'),'AC_ACCOUNT',90);
REM INSERTING into HR.LOCATIONS
SET DEFINE OFF;
Insert into HR.LOCATIONS (LOCATION_ID,STREET_ADDRESS,POSTAL_CODE,CITY,STATE_PROVINCE,COUNTRY_ID) values (1000,'1297 Via Cola di Rie','00989','Roma',null,'IT');
Insert into HR.LOCATIONS (LOCATION_ID,STREET_ADDRESS,POSTAL_CODE,CITY,STATE_PROVINCE,COUNTRY_ID) values (1100,'93091 Calle della Testa','10934','Venice',null,'IT');
Insert into HR.LOCATIONS (LOCATION_ID,STREET_ADDRESS,POSTAL_CODE,CITY,STATE_PROVINCE,COUNTRY_ID) values (1200,'2017 Shinjuku-ku','1689','Tokyo','Tokyo Prefecture','JP');
Insert into HR.LOCATIONS (LOCATION_ID,STREET_ADDRESS,POSTAL_CODE,CITY,STATE_PROVINCE,COUNTRY_ID) values (1300,'9450 Kamiya-cho','6823','Hiroshima',null,'JP');
Insert into HR.LOCATIONS (LOCATION_ID,STREET_ADDRESS,POSTAL_CODE,CITY,STATE_PROVINCE,COUNTRY_ID) values (1400,'2014 Jabberwocky Rd','26192','Southlake','Texas','US');
Insert into HR.LOCATIONS (LOCATION_ID,STREET_ADDRESS,POSTAL_CODE,CITY,STATE_PROVINCE,COUNTRY_ID) values (1500,'2011 Interiors Blvd','99236','South San Francisco','California','US');
Insert into HR.LOCATIONS (LOCATION_ID,STREET_ADDRESS,POSTAL_CODE,CITY,STATE_PROVINCE,COUNTRY_ID) values (1600,'2007 Zagora St','50090','South Brunswick','New Jersey','US');
Insert into HR.LOCATIONS (LOCATION_ID,STREET_ADDRESS,POSTAL_CODE,CITY,STATE_PROVINCE,COUNTRY_ID) values (1700,'2004 Charade Rd','98199','Seattle','Washington','US');
Insert into HR.LOCATIONS (LOCATION_ID,STREET_ADDRESS,POSTAL_CODE,CITY,STATE_PROVINCE,COUNTRY_ID) values (1800,'147 Spadina Ave','M5V 2L7','Toronto','Ontario','CA');
Insert into HR.LOCATIONS (LOCATION_ID,STREET_ADDRESS,POSTAL_CODE,CITY,STATE_PROVINCE,COUNTRY_ID) values (1900,'6092 Boxwood St','YSW 9T2','Whitehorse','Yukon','CA');
Insert into HR.LOCATIONS (LOCATION_ID,STREET_ADDRESS,POSTAL_CODE,CITY,STATE_PROVINCE,COUNTRY_ID) values (2000,'40-5-12 Laogianggen','190518','Beijing',null,'CN');
Insert into HR.LOCATIONS (LOCATION_ID,STREET_ADDRESS,POSTAL_CODE,CITY,STATE_PROVINCE,COUNTRY_ID) values (2100,'1298 Vileparle (E)','490231','Bombay','Maharashtra','IN');
Insert into HR.LOCATIONS (LOCATION_ID,STREET_ADDRESS,POSTAL_CODE,CITY,STATE_PROVINCE,COUNTRY_ID) values (2200,'12-98 Victoria Street','2901','Sydney','New South Wales','AU');
Insert into HR.LOCATIONS (LOCATION_ID,STREET_ADDRESS,POSTAL_CODE,CITY,STATE_PROVINCE,COUNTRY_ID) values (2300,'198 Clementi North','540198','Singapore',null,'SG');
Insert into HR.LOCATIONS (LOCATION_ID,STREET_ADDRESS,POSTAL_CODE,CITY,STATE_PROVINCE,COUNTRY_ID) values (2400,'8204 Arthur St',null,'London',null,'UK');
Insert into HR.LOCATIONS (LOCATION_ID,STREET_ADDRESS,POSTAL_CODE,CITY,STATE_PROVINCE,COUNTRY_ID) values (2500,'Magdalen Centre, The Oxford Science Park','OX9 9ZB','Oxford','Oxford','UK');
Insert into HR.LOCATIONS (LOCATION_ID,STREET_ADDRESS,POSTAL_CODE,CITY,STATE_PROVINCE,COUNTRY_ID) values (2600,'9702 Chester Road','09629850293','Stretford','Manchester','UK');
Insert into HR.LOCATIONS (LOCATION_ID,STREET_ADDRESS,POSTAL_CODE,CITY,STATE_PROVINCE,COUNTRY_ID) values (2700,'Schwanthalerstr. 7031','80925','Munich','Bavaria','DE');
Insert into HR.LOCATIONS (LOCATION_ID,STREET_ADDRESS,POSTAL_CODE,CITY,STATE_PROVINCE,COUNTRY_ID) values (2800,'Rua Frei Caneca 1360 ','01307-002','Sao Paulo','Sao Paulo','BR');
Insert into HR.LOCATIONS (LOCATION_ID,STREET_ADDRESS,POSTAL_CODE,CITY,STATE_PROVINCE,COUNTRY_ID) values (2900,'20 Rue des Corps-Saints','1730','Geneva','Geneve','CH');
Insert into HR.LOCATIONS (LOCATION_ID,STREET_ADDRESS,POSTAL_CODE,CITY,STATE_PROVINCE,COUNTRY_ID) values (3000,'Murtenstrasse 921','3095','Bern','BE','CH');
Insert into HR.LOCATIONS (LOCATION_ID,STREET_ADDRESS,POSTAL_CODE,CITY,STATE_PROVINCE,COUNTRY_ID) values (3100,'Pieter Breughelstraat 837','3029SK','Utrecht','Utrecht','NL');
Insert into HR.LOCATIONS (LOCATION_ID,STREET_ADDRESS,POSTAL_CODE,CITY,STATE_PROVINCE,COUNTRY_ID) values (3200,'Mariano Escobedo 9991','11932','Mexico City','Distrito Federal,','MX');
REM INSERTING into HR.REGIONS
SET DEFINE OFF;
Insert into HR.REGIONS (REGION_ID,REGION_NAME) values (1,'Europe');
Insert into HR.REGIONS (REGION_ID,REGION_NAME) values (2,'Americas');
Insert into HR.REGIONS (REGION_ID,REGION_NAME) values (3,'Asia');
Insert into HR.REGIONS (REGION_ID,REGION_NAME) values (4,'Middle East and Africa');
REM INSERTING into HR.T_BOARD
SET DEFINE OFF;
Insert into HR.T_BOARD (I_BOARD,TITLE,CTNT,I_STUDENT) values (2,'하세요','ㅋㅁㄴㅇㄻㄴㅇ',3);
Insert into HR.T_BOARD (I_BOARD,TITLE,CTNT,I_STUDENT) values (3,'제목3','내용3',3);
Insert into HR.T_BOARD (I_BOARD,TITLE,CTNT,I_STUDENT) values (1,'제목1','내용1',3);
Insert into HR.T_BOARD (I_BOARD,TITLE,CTNT,I_STUDENT) values (6,'수정된 제목1','수정된 내용1',1);
REM INSERTING into HR.T_BOARD4
SET DEFINE OFF;
Insert into HR.T_BOARD4 (I_BOARD,TITLE,CTNT,HITS,I_USER,R_DT,M_DT) values (47,'아래 쪽에 감각이 없으니 어떻게 된거요?','내가 고자라니!',1,21,to_date('20/08/21','RR/MM/DD'),to_date('20/08/21','RR/MM/DD'));
Insert into HR.T_BOARD4 (I_BOARD,TITLE,CTNT,HITS,I_USER,R_DT,M_DT) values (44,'4딸라!','4딸라 쯤 합시다',0,20,to_date('20/08/21','RR/MM/DD'),to_date('20/08/21','RR/MM/DD'));
Insert into HR.T_BOARD4 (I_BOARD,TITLE,CTNT,HITS,I_USER,R_DT,M_DT) values (45,'나 김두한이다','개소리 집어쳐!',1,20,to_date('20/08/21','RR/MM/DD'),to_date('20/08/21','RR/MM/DD'));
Insert into HR.T_BOARD4 (I_BOARD,TITLE,CTNT,HITS,I_USER,R_DT,M_DT) values (48,'어이 심영이','공산당 할꺼야 안할꺼야?!',2,20,to_date('20/08/21','RR/MM/DD'),to_date('20/08/21','RR/MM/DD'));
Insert into HR.T_BOARD4 (I_BOARD,TITLE,CTNT,HITS,I_USER,R_DT,M_DT) values (50,'안하겠소!','닷시는 안하겠소!',4,21,to_date('20/08/21','RR/MM/DD'),to_date('20/08/21','RR/MM/DD'));
Insert into HR.T_BOARD4 (I_BOARD,TITLE,CTNT,HITS,I_USER,R_DT,M_DT) values (52,'출석','찍고감',1,13,to_date('20/08/21','RR/MM/DD'),to_date('20/08/21','RR/MM/DD'));
Insert into HR.T_BOARD4 (I_BOARD,TITLE,CTNT,HITS,I_USER,R_DT,M_DT) values (53,'출첵','ㅋ',6,18,to_date('20/08/21','RR/MM/DD'),to_date('20/08/21','RR/MM/DD'));
Insert into HR.T_BOARD4 (I_BOARD,TITLE,CTNT,HITS,I_USER,R_DT,M_DT) values (54,'김두한 대장!','안되겠소! 쏩시다!',19,22,to_date('20/08/21','RR/MM/DD'),to_date('20/08/21','RR/MM/DD'));
Insert into HR.T_BOARD4 (I_BOARD,TITLE,CTNT,HITS,I_USER,R_DT,M_DT) values (83,'너무 쉽다','1등 하는 게 밥먹는거보다 쉽다',25,29,to_date('20/08/25','RR/MM/DD'),to_date('20/08/25','RR/MM/DD'));
Insert into HR.T_BOARD4 (I_BOARD,TITLE,CTNT,HITS,I_USER,R_DT,M_DT) values (57,'🐾🐾🐾🐾🐾🐾🐾🐾🐾🐾🐾🐾🐾🐾','🐾🐾🐾🐾🐾🐾🐾🐾🐾🐾🐾🐾🐾🐾🐾🐾🐾🐾🐾🐾🐾🐾🐾🐾🐾🐾🐾🐾🐾🐾🐾🐾🐾🐾🐾🐾🐾🐾🐾🐾🐾🐾🐾🐾🐾🐾🐾🐾🐾🐾🐾🐾🐾🐾🐾🐾🐾🐾🐾🐾🐾🐾🐾🐾🐾🐾🐾🐾🐾🐾🐾🐾🐾🐾🐾🐾🐾🐾🐾🐾🐾🐾🐾🐾🐾🐾🐾🐾🐾🐾🐾🐾🐾🐾🐾🐾🐾🐾🐾🐾🐾🐾🐾🐾🐾🐾🐾🐾🐾🐾🐾🐾🐾🐾🐾🐾🐾🐾🐾🐾🐾🐾🐾🐾🐾🐾🐾🐾🐾🐾🐾🐾🐾🐾🐾🐾🐾🐾🐾🐾',9,23,to_date('20/08/21','RR/MM/DD'),to_date('20/08/21','RR/MM/DD'));
Insert into HR.T_BOARD4 (I_BOARD,TITLE,CTNT,HITS,I_USER,R_DT,M_DT) values (58,'누구인가','누가 기침소리를 내었어',6,26,to_date('20/08/21','RR/MM/DD'),to_date('20/08/21','RR/MM/DD'));
Insert into HR.T_BOARD4 (I_BOARD,TITLE,CTNT,HITS,I_USER,R_DT,M_DT) values (61,'누가 ip소리를 내었어?','관심법이느니라',17,22,to_date('20/08/24','RR/MM/DD'),to_date('20/08/24','RR/MM/DD'));
Insert into HR.T_BOARD4 (I_BOARD,TITLE,CTNT,HITS,I_USER,R_DT,M_DT) values (122,'김두한두목','쏩시다!',4,22,to_date('20/08/27','RR/MM/DD'),to_date('20/08/27','RR/MM/DD'));
Insert into HR.T_BOARD4 (I_BOARD,TITLE,CTNT,HITS,I_USER,R_DT,M_DT) values (21,'😏😏','22',1,13,to_date('20/08/20','RR/MM/DD'),to_date('20/08/21','RR/MM/DD'));
Insert into HR.T_BOARD4 (I_BOARD,TITLE,CTNT,HITS,I_USER,R_DT,M_DT) values (27,'🤬🤬🤬','노잼',1,17,to_date('20/08/20','RR/MM/DD'),to_date('20/08/20','RR/MM/DD'));
Insert into HR.T_BOARD4 (I_BOARD,TITLE,CTNT,HITS,I_USER,R_DT,M_DT) values (30,'🙋‍♂️🙋‍♂️🙋‍♂️🙋‍♂️🙋‍♂️🙋‍♂️🙋‍♂️🙋‍♂️🙋‍♂️🙋‍♂️🙋‍♂️🙋‍♂️🙋‍♂️🙋‍♂️🙋‍♂️','🙋‍♂️🙋‍♂️🙋‍♂️🙋‍♂️🙋‍♂️🙋‍♂️🙋‍♂️🙋‍♂️🙋‍♂️🙋‍♂️🙋‍♂️🙋‍♂️🙋‍♂️🙋‍♂️🙋‍♂️🙋‍♂️🙋‍♂️🙋‍♂️🙋‍♂️🙋‍♂️🙋‍♂️🙋‍♂️🙋‍♂️🙋‍♂️🙋‍♂️🙋‍♂️🙋‍♂️🙋‍♂️🙋‍♂️🙋‍♂️🙋‍♂️🙋‍♂️🙋‍♂️🙋‍♂️🙋‍♂️🙋‍♂️🙋‍♂️🙋‍♂️🙋‍♂️🙋‍♂️🙋‍♂️🙋‍♂️🙋‍♂️🙋‍♂️🙋‍♂️🙋‍♂️🙋‍♂️🙋‍♂️🙋‍♂️🙋‍♂️🙋‍♂️🙋‍♂️🙋‍♂️🙋‍♂️🙋‍♂️🙋‍♂️🙋‍♂️🙋‍♂️🙋‍♂️🙋‍♂️🙋‍♂️🙋‍♂️🙋‍♂️🙋‍♂️🙋‍♂️🙋‍♂️🙋‍♂️🙋‍♂️🙋‍♂️🙋‍♂️🙋‍♂️🙋‍♂️🙋‍♂️🙋‍♂️🙋‍♂️🙋‍♂️🙋‍♂️🙋‍♂️🙋‍♂️🙋‍♂️🙋‍♂️🙋‍♂️🙋‍♂️🙋‍♂️🙋‍♂️🙋‍♂️🙋‍♂️🙋‍♂️🙋‍♂️🙋‍♂️🙋‍♂️🙋‍♂️🙋‍♂️🙋‍♂️🙋‍♂️🙋‍♂️🙋‍♂️🙋‍♂️🙋‍♂️🙋‍♂️🙋‍♂️🙋‍♂️🙋‍♂️🙋‍♂️🙋‍♂️🙋‍♂️🙋‍♂️🙋‍♂️🙋‍♂️🙋‍♂️🙋‍♂️🙋‍♂️🙋‍♂️🙋‍♂️🙋‍♂️🙋‍♂️🙋‍♂️🙋‍♂️🙋‍♂️🙋‍♂️🙋‍♂️🙋‍♂️🙋‍♂️🙋‍♂️🙋‍♂️🙋‍♂️🙋‍♂️🙋‍♂️🙋‍♂️🙋‍♂️🙋‍♂️🙋‍♂️🙋‍♂️🙋‍♂️🙋‍♂️🙋‍♂️🙋‍♂️🙋‍♂️🙋‍♂️🙋‍♂️🙋‍♂️🙋‍♂️🙋‍♂️🙋‍♂️🙋‍♂️🙋‍♂️🙋‍♂️🙋‍♂️🙋‍♂️🙋‍♂️🙋‍♂️🙋‍♂️🙋‍♂️🙋‍♂️🙋‍♂️',3,19,to_date('20/08/20','RR/MM/DD'),to_date('20/08/20','RR/MM/DD'));
Insert into HR.T_BOARD4 (I_BOARD,TITLE,CTNT,HITS,I_USER,R_DT,M_DT) values (43,'🐱‍👤🐱‍🚀🐱‍👓🐱‍🐉🐱‍💻🐱‍🏍','🙋‍♀️🙋‍♂️🐱‍🏍🐱‍👤🐱‍👤🐱‍🚀🐱‍🚀',47,12,to_date('20/08/21','RR/MM/DD'),to_date('20/08/21','RR/MM/DD'));
Insert into HR.T_BOARD4 (I_BOARD,TITLE,CTNT,HITS,I_USER,R_DT,M_DT) values (46,'여기가 어디오?','"아 병원 입니다 안심하세요"',1,21,to_date('20/08/21','RR/MM/DD'),to_date('20/08/21','RR/MM/DD'));
Insert into HR.T_BOARD4 (I_BOARD,TITLE,CTNT,HITS,I_USER,R_DT,M_DT) values (49,'에엑따!','김두한 대장!',0,21,to_date('20/08/21','RR/MM/DD'),to_date('20/08/21','RR/MM/DD'));
Insert into HR.T_BOARD4 (I_BOARD,TITLE,CTNT,HITS,I_USER,R_DT,M_DT) values (51,'☆폭발★','퍼엉 으아하하~~~',36,12,to_date('20/08/21','RR/MM/DD'),to_date('20/08/21','RR/MM/DD'));
Insert into HR.T_BOARD4 (I_BOARD,TITLE,CTNT,HITS,I_USER,R_DT,M_DT) values (56,'심영이','개소리 집어쳐',91,20,to_date('20/08/21','RR/MM/DD'),to_date('20/08/21','RR/MM/DD'));
Insert into HR.T_BOARD4 (I_BOARD,TITLE,CTNT,HITS,I_USER,R_DT,M_DT) values (59,'저도 배우고 싶어요.....','꼰대가 될 수 있는 방법을......✌',11,25,to_date('20/08/21','RR/MM/DD'),to_date('20/08/21','RR/MM/DD'));
Insert into HR.T_BOARD4 (I_BOARD,TITLE,CTNT,HITS,I_USER,R_DT,M_DT) values (60,'콜록 콜록','시... 신이 옵니다',10,27,to_date('20/08/21','RR/MM/DD'),to_date('20/08/21','RR/MM/DD'));
Insert into HR.T_BOARD4 (I_BOARD,TITLE,CTNT,HITS,I_USER,R_DT,M_DT) values (121,'굿모닝','빰빰 빰빰빰 빰빠라밤빰 빰빰빰 빰빠바밤',4,13,to_date('20/08/27','RR/MM/DD'),to_date('20/08/27','RR/MM/DD'));
Insert into HR.T_BOARD4 (I_BOARD,TITLE,CTNT,HITS,I_USER,R_DT,M_DT) values (123,'🙋‍♀️','.',2,30,to_date('20/08/27','RR/MM/DD'),to_date('20/08/27','RR/MM/DD'));
Insert into HR.T_BOARD4 (I_BOARD,TITLE,CTNT,HITS,I_USER,R_DT,M_DT) values (22,'凸','볼록할 철',2,14,to_date('20/08/20','RR/MM/DD'),to_date('20/08/20','RR/MM/DD'));
Insert into HR.T_BOARD4 (I_BOARD,TITLE,CTNT,HITS,I_USER,R_DT,M_DT) values (23,'김익명','익명이에오',0,15,to_date('20/08/20','RR/MM/DD'),to_date('20/08/20','RR/MM/DD'));
Insert into HR.T_BOARD4 (I_BOARD,TITLE,CTNT,HITS,I_USER,R_DT,M_DT) values (24,'불싸이버거~~~~~~~~~','배고바🤢🤢🤢🤢🤢🤢🤢🤢🤢🤢🤢🤢🤢🤢🤢🤢🤢🤢🤢🤢🤢🤢🤢🤢🤢🤢🤢🤢🤢🤢🤢🤢🤢🤢🤢🤢🤢🤢🤢🤢🤢🤢🤢🤢🤢🤢🤢🤢🤢🤢🤢🤢🤢🤢🤢🤢🤢🤢🤢🤢🤢🤢🤢🤢🤢🤢🤢🤢🤢🤢🤢🤢🤢🤢🤢🤢🤢🤢🤢🤢🤢🤢🤢🤢🤢🤢🤢🤢🤢🤢🤢🤢🤢🤢🤢🤢🤢🤢🤢🤢🤢🤢🤢🤢🤢🤢🤢🤢🤢🤢🤢🤢🤢🤢🤢🤢🤢🤢🤢🤢🤢🤢🤢🤢🤢🤢',0,16,to_date('20/08/20','RR/MM/DD'),to_date('20/08/20','RR/MM/DD'));
Insert into HR.T_BOARD4 (I_BOARD,TITLE,CTNT,HITS,I_USER,R_DT,M_DT) values (28,'수기야22','합격수기 쓰자',3,18,to_date('20/08/20','RR/MM/DD'),to_date('20/08/21','RR/MM/DD'));
Insert into HR.T_BOARD4 (I_BOARD,TITLE,CTNT,HITS,I_USER,R_DT,M_DT) values (29,'🙋‍♂️🙋‍♂️🙋‍♂️🙋‍♂️🙋‍♂️','아뇽~~~~',1,19,to_date('20/08/20','RR/MM/DD'),to_date('20/08/20','RR/MM/DD'));
Insert into HR.T_BOARD4 (I_BOARD,TITLE,CTNT,HITS,I_USER,R_DT,M_DT) values (81,'sooooooooo','ki',10,13,to_date('20/08/25','RR/MM/DD'),to_date('20/08/25','RR/MM/DD'));
Insert into HR.T_BOARD4 (I_BOARD,TITLE,CTNT,HITS,I_USER,R_DT,M_DT) values (82,'👀','👁‍🗨👁‍🗨',16,18,to_date('20/08/25','RR/MM/DD'),to_date('20/08/25','RR/MM/DD'));
Insert into HR.T_BOARD4 (I_BOARD,TITLE,CTNT,HITS,I_USER,R_DT,M_DT) values (55,'여러분 님이란 무엇입니까?','님이란 사회주의 낙원을 말하는 것입니다 여러분!!!~~~',13,21,to_date('20/08/21','RR/MM/DD'),to_date('20/08/21','RR/MM/DD'));
Insert into HR.T_BOARD4 (I_BOARD,TITLE,CTNT,HITS,I_USER,R_DT,M_DT) values (101,'내일 점심은 1짜장','와 신난다 ㅎㅎ',18,18,to_date('20/08/26','RR/MM/DD'),to_date('20/08/26','RR/MM/DD'));
REM INSERTING into HR.T_BOARD4_CMT
SET DEFINE OFF;
Insert into HR.T_BOARD4_CMT (I_CMT,I_USER,I_BOARD,CMT,R_DT,M_DT) values (9,18,83,'ㅋㅋㅋㅋㅋㅋ',to_date('20/08/26','RR/MM/DD'),to_date('20/08/26','RR/MM/DD'));
Insert into HR.T_BOARD4_CMT (I_CMT,I_USER,I_BOARD,CMT,R_DT,M_DT) values (10,13,101,'1짜장 맛집 추천좀',to_date('20/08/26','RR/MM/DD'),to_date('20/08/26','RR/MM/DD'));
Insert into HR.T_BOARD4_CMT (I_CMT,I_USER,I_BOARD,CMT,R_DT,M_DT) values (19,12,123,'Hi',to_date('20/08/27','RR/MM/DD'),to_date('20/08/27','RR/MM/DD'));
Insert into HR.T_BOARD4_CMT (I_CMT,I_USER,I_BOARD,CMT,R_DT,M_DT) values (17,12,122,'파앗!',to_date('20/08/27','RR/MM/DD'),to_date('20/08/27','RR/MM/DD'));
Insert into HR.T_BOARD4_CMT (I_CMT,I_USER,I_BOARD,CMT,R_DT,M_DT) values (15,12,83,'오만하면 안됩니다!',to_date('20/08/26','RR/MM/DD'),to_date('20/08/26','RR/MM/DD'));
Insert into HR.T_BOARD4_CMT (I_CMT,I_USER,I_BOARD,CMT,R_DT,M_DT) values (8,22,83,'이런 류의 글은 사전 경고 없이 삭제 조치당할 수 있습니다.',to_date('20/08/26','RR/MM/DD'),to_date('20/08/26','RR/MM/DD'));
Insert into HR.T_BOARD4_CMT (I_CMT,I_USER,I_BOARD,CMT,R_DT,M_DT) values (12,12,101,'hansote수정이다',to_date('20/08/26','RR/MM/DD'),to_date('20/08/27','RR/MM/DD'));
REM INSERTING into HR.T_BOARD4_LIKE
SET DEFINE OFF;
Insert into HR.T_BOARD4_LIKE (I_USER,I_BOARD,R_DT) values (12,55,to_date('20/08/25','RR/MM/DD'));
Insert into HR.T_BOARD4_LIKE (I_USER,I_BOARD,R_DT) values (12,83,to_date('20/08/26','RR/MM/DD'));
Insert into HR.T_BOARD4_LIKE (I_USER,I_BOARD,R_DT) values (12,61,to_date('20/08/25','RR/MM/DD'));
Insert into HR.T_BOARD4_LIKE (I_USER,I_BOARD,R_DT) values (18,83,to_date('20/08/26','RR/MM/DD'));
Insert into HR.T_BOARD4_LIKE (I_USER,I_BOARD,R_DT) values (12,82,to_date('20/08/25','RR/MM/DD'));
Insert into HR.T_BOARD4_LIKE (I_USER,I_BOARD,R_DT) values (12,56,to_date('20/08/25','RR/MM/DD'));
Insert into HR.T_BOARD4_LIKE (I_USER,I_BOARD,R_DT) values (12,81,to_date('20/08/25','RR/MM/DD'));
Insert into HR.T_BOARD4_LIKE (I_USER,I_BOARD,R_DT) values (12,57,to_date('20/08/25','RR/MM/DD'));
Insert into HR.T_BOARD4_LIKE (I_USER,I_BOARD,R_DT) values (28,82,to_date('20/08/25','RR/MM/DD'));
REM INSERTING into HR.T_BOARD_LIKE
SET DEFINE OFF;
Insert into HR.T_BOARD_LIKE (I_BOARD,I_STUDENT) values (1,1);
Insert into HR.T_BOARD_LIKE (I_BOARD,I_STUDENT) values (1,2);
Insert into HR.T_BOARD_LIKE (I_BOARD,I_STUDENT) values (1,3);
Insert into HR.T_BOARD_LIKE (I_BOARD,I_STUDENT) values (2,1);
REM INSERTING into HR.T_CUSTOMER
SET DEFINE OFF;
Insert into HR.T_CUSTOMER (CUS_NO,NM) values (3,'홍길동');
Insert into HR.T_CUSTOMER (CUS_NO,NM) values (5,'장보고');
REM INSERTING into HR.T_HOBBY
SET DEFINE OFF;
Insert into HR.T_HOBBY (I_HOBBY,NM) values (1,'독서');
Insert into HR.T_HOBBY (I_HOBBY,NM) values (2,'음악감상');
Insert into HR.T_HOBBY (I_HOBBY,NM) values (3,'영화감상');
Insert into HR.T_HOBBY (I_HOBBY,NM) values (4,'게임');
Insert into HR.T_HOBBY (I_HOBBY,NM) values (5,'산책');
Insert into HR.T_HOBBY (I_HOBBY,NM) values (6,'프로그래밍');
REM INSERTING into HR.T_ORDER
SET DEFINE OFF;
Insert into HR.T_ORDER (O_NO,CUS_NO,O_DATE,O_PRICE) values (1,3,to_date('17/07/04','RR/MM/DD'),55000);
Insert into HR.T_ORDER (O_NO,CUS_NO,O_DATE,O_PRICE) values (3,3,to_date('17/07/06','RR/MM/DD'),60000);
Insert into HR.T_ORDER (O_NO,CUS_NO,O_DATE,O_PRICE) values (4,3,to_date('20/08/06','RR/MM/DD'),70000);
Insert into HR.T_ORDER (O_NO,CUS_NO,O_DATE,O_PRICE) values (5,5,to_date('20/08/06','RR/MM/DD'),90000);
REM INSERTING into HR.T_STUDENT
SET DEFINE OFF;
Insert into HR.T_STUDENT (I_STUDENT,NM,AGE) values (1,'권하균',20);
Insert into HR.T_STUDENT (I_STUDENT,NM,AGE) values (2,'김도빈',21);
Insert into HR.T_STUDENT (I_STUDENT,NM,AGE) values (3,'김수인',22);
Insert into HR.T_STUDENT (I_STUDENT,NM,AGE) values (4,'김시운',23);
Insert into HR.T_STUDENT (I_STUDENT,NM,AGE) values (5,'김은정',24);
REM INSERTING into HR.T_STUDENT_HOBBY
SET DEFINE OFF;
Insert into HR.T_STUDENT_HOBBY (I_STUDENT,I_HOBBY,R_DT) values (1,4,to_date('20/07/21','RR/MM/DD'));
Insert into HR.T_STUDENT_HOBBY (I_STUDENT,I_HOBBY,R_DT) values (1,2,to_date('20/07/21','RR/MM/DD'));
Insert into HR.T_STUDENT_HOBBY (I_STUDENT,I_HOBBY,R_DT) values (2,1,to_date('20/07/21','RR/MM/DD'));
Insert into HR.T_STUDENT_HOBBY (I_STUDENT,I_HOBBY,R_DT) values (3,5,to_date('20/07/21','RR/MM/DD'));
Insert into HR.T_STUDENT_HOBBY (I_STUDENT,I_HOBBY,R_DT) values (3,3,to_date('20/07/21','RR/MM/DD'));
Insert into HR.T_STUDENT_HOBBY (I_STUDENT,I_HOBBY,R_DT) values (3,1,to_date('20/07/21','RR/MM/DD'));
REM INSERTING into HR.T_USER
SET DEFINE OFF;
Insert into HR.T_USER (I_USER,USER_ID,USER_PW,NM,E_MAIL,PROFILE_IMG,R_DT,M_DT) values (12,'jumoney15','bcb15f821479b4d5772bd0ca866c00ad5f926e3580720659cc80d39c9d09802a','사공수기','jumoney15@naver.com',null,to_date('20/08/18','RR/MM/DD'),to_date('20/08/18','RR/MM/DD'));
Insert into HR.T_USER (I_USER,USER_ID,USER_PW,NM,E_MAIL,PROFILE_IMG,R_DT,M_DT) values (27,'korea','96cae35ce8a9b0244178bf28e4966c2ce1b8385723a96a6b838858cdd6ca0a1e','신하','sadas@213.com',null,to_date('20/08/21','RR/MM/DD'),to_date('20/08/21','RR/MM/DD'));
Insert into HR.T_USER (I_USER,USER_ID,USER_PW,NM,E_MAIL,PROFILE_IMG,R_DT,M_DT) values (14,'사공수기형님 바보','3ea87a56da3844b420ec2925ae922bc731ec16a4fc44dcbeafdad49b0e61d39c','이도영','dlehdud1653@kakao.com',null,to_date('20/08/20','RR/MM/DD'),to_date('20/08/20','RR/MM/DD'));
Insert into HR.T_USER (I_USER,USER_ID,USER_PW,NM,E_MAIL,PROFILE_IMG,R_DT,M_DT) values (17,'ddddd','35fc81fac408a839e2c816e28a8b3ec91cb5efc9745c48edbe6b790d13fee1d8','최성은','ddddd@test.com',null,to_date('20/08/20','RR/MM/DD'),to_date('20/08/20','RR/MM/DD'));
Insert into HR.T_USER (I_USER,USER_ID,USER_PW,NM,E_MAIL,PROFILE_IMG,R_DT,M_DT) values (18,'taddy','d17f25ecfbcc7857f7bebea469308be0b2580943e96d13a3ad98a13675c4bfc2','황병진','taddy0818@naver.com',null,to_date('20/08/20','RR/MM/DD'),to_date('20/08/20','RR/MM/DD'));
Insert into HR.T_USER (I_USER,USER_ID,USER_PW,NM,E_MAIL,PROFILE_IMG,R_DT,M_DT) values (19,'truespring','96cae35ce8a9b0244178bf28e4966c2ce1b8385723a96a6b838858cdd6ca0a1e','석규환','213@nm.com',null,to_date('20/08/20','RR/MM/DD'),to_date('20/08/20','RR/MM/DD'));
Insert into HR.T_USER (I_USER,USER_ID,USER_PW,NM,E_MAIL,PROFILE_IMG,R_DT,M_DT) values (21,'jumoney16','bcb15f821479b4d5772bd0ca866c00ad5f926e3580720659cc80d39c9d09802a','심영','jumoney15@naver.com',null,to_date('20/08/21','RR/MM/DD'),to_date('20/08/21','RR/MM/DD'));
Insert into HR.T_USER (I_USER,USER_ID,USER_PW,NM,E_MAIL,PROFILE_IMG,R_DT,M_DT) values (23,'고양이테러','5fd924625f6ab16a19cc9807c7c506ae1813490e4ba675f843d5a10e0baacdb8','냥냥','asd@naver.com',null,to_date('20/08/21','RR/MM/DD'),to_date('20/08/21','RR/MM/DD'));
Insert into HR.T_USER (I_USER,USER_ID,USER_PW,NM,E_MAIL,PROFILE_IMG,R_DT,M_DT) values (29,'카트학부전공','5fd924625f6ab16a19cc9807c7c506ae1813490e4ba675f843d5a10e0baacdb8','석규환','asd@naver.com',null,to_date('20/08/25','RR/MM/DD'),to_date('20/08/25','RR/MM/DD'));
Insert into HR.T_USER (I_USER,USER_ID,USER_PW,NM,E_MAIL,PROFILE_IMG,R_DT,M_DT) values (20,'hiphop','96cae35ce8a9b0244178bf28e4966c2ce1b8385723a96a6b838858cdd6ca0a1e','김두한','22@aa.com',null,to_date('20/08/21','RR/MM/DD'),to_date('20/08/21','RR/MM/DD'));
Insert into HR.T_USER (I_USER,USER_ID,USER_PW,NM,E_MAIL,PROFILE_IMG,R_DT,M_DT) values (22,'korean','96cae35ce8a9b0244178bf28e4966c2ce1b8385723a96a6b838858cdd6ca0a1e','상하이조','22@aa.com',null,to_date('20/08/21','RR/MM/DD'),to_date('20/08/21','RR/MM/DD'));
Insert into HR.T_USER (I_USER,USER_ID,USER_PW,NM,E_MAIL,PROFILE_IMG,R_DT,M_DT) values (24,'test123','ecd71870d1963316a97e3ac3408c9835ad8cf0f3c1bc703527c30265534f75ae','홍길동','test@test.com',null,to_date('20/08/21','RR/MM/DD'),to_date('20/08/21','RR/MM/DD'));
Insert into HR.T_USER (I_USER,USER_ID,USER_PW,NM,E_MAIL,PROFILE_IMG,R_DT,M_DT) values (25,'user00','91b4d142823f7d20c5f08df69122de43f35f057a988d9619f6d3138485c9a203','내가꼰대다','sasa@naver.com',null,to_date('20/08/21','RR/MM/DD'),to_date('20/08/21','RR/MM/DD'));
Insert into HR.T_USER (I_USER,USER_ID,USER_PW,NM,E_MAIL,PROFILE_IMG,R_DT,M_DT) values (26,'test1234','5fd924625f6ab16a19cc9807c7c506ae1813490e4ba675f843d5a10e0baacdb8','궁예','asd@naver.com',null,to_date('20/08/21','RR/MM/DD'),to_date('20/08/21','RR/MM/DD'));
Insert into HR.T_USER (I_USER,USER_ID,USER_PW,NM,E_MAIL,PROFILE_IMG,R_DT,M_DT) values (30,'tjddms','5994471abb01112afcc18159f6cc74b4f511b99806da59b3caf5a9c173cacfc5','최성은','tjddms@test.com',null,to_date('20/08/27','RR/MM/DD'),to_date('20/08/27','RR/MM/DD'));
Insert into HR.T_USER (I_USER,USER_ID,USER_PW,NM,E_MAIL,PROFILE_IMG,R_DT,M_DT) values (13,'tjs531','cd3468bf9a2cc1429077097e4b8b060804f15e8cdeaca573638b9885ed510e52','정혜선','tjs531@naver.com',null,to_date('20/08/20','RR/MM/DD'),to_date('20/08/20','RR/MM/DD'));
Insert into HR.T_USER (I_USER,USER_ID,USER_PW,NM,E_MAIL,PROFILE_IMG,R_DT,M_DT) values (15,'dkdlel','96cae35ce8a9b0244178bf28e4966c2ce1b8385723a96a6b838858cdd6ca0a1e','김익명','dd@naver.com',null,to_date('20/08/20','RR/MM/DD'),to_date('20/08/20','RR/MM/DD'));
Insert into HR.T_USER (I_USER,USER_ID,USER_PW,NM,E_MAIL,PROFILE_IMG,R_DT,M_DT) values (16,'점심은 불싸이버거','5fd924625f6ab16a19cc9807c7c506ae1813490e4ba675f843d5a10e0baacdb8','불싸이버거','asd@naver.com',null,to_date('20/08/20','RR/MM/DD'),to_date('20/08/20','RR/MM/DD'));
Insert into HR.T_USER (I_USER,USER_ID,USER_PW,NM,E_MAIL,PROFILE_IMG,R_DT,M_DT) values (28,'이도영입니다','3ea87a56da3844b420ec2925ae922bc731ec16a4fc44dcbeafdad49b0e61d39c','이도영','test@test.com',null,to_date('20/08/25','RR/MM/DD'),to_date('20/08/25','RR/MM/DD'));
REM INSERTING into HR.T_USER_LOGINHISTORY
SET DEFINE OFF;
Insert into HR.T_USER_LOGINHISTORY (I_HISTORY,I_USER,IP_ADDR,OS,BROWSER,R_DT) values (28,23,'192.168.2.11','win','chrome',to_date('20/08/25','RR/MM/DD'));
Insert into HR.T_USER_LOGINHISTORY (I_HISTORY,I_USER,IP_ADDR,OS,BROWSER,R_DT) values (29,12,'0:0:0:0:0:0:0:1','win','chrome',to_date('20/08/25','RR/MM/DD'));
Insert into HR.T_USER_LOGINHISTORY (I_HISTORY,I_USER,IP_ADDR,OS,BROWSER,R_DT) values (30,12,'0:0:0:0:0:0:0:1','win','chrome',to_date('20/08/25','RR/MM/DD'));
Insert into HR.T_USER_LOGINHISTORY (I_HISTORY,I_USER,IP_ADDR,OS,BROWSER,R_DT) values (2,12,'0:0:0:0:0:0:0:1','win','chrome',to_date('20/08/24','RR/MM/DD'));
Insert into HR.T_USER_LOGINHISTORY (I_HISTORY,I_USER,IP_ADDR,OS,BROWSER,R_DT) values (5,12,'0:0:0:0:0:0:0:1','win','chrome',to_date('20/08/24','RR/MM/DD'));
Insert into HR.T_USER_LOGINHISTORY (I_HISTORY,I_USER,IP_ADDR,OS,BROWSER,R_DT) values (6,12,'0:0:0:0:0:0:0:1','win','chrome',to_date('20/08/24','RR/MM/DD'));
Insert into HR.T_USER_LOGINHISTORY (I_HISTORY,I_USER,IP_ADDR,OS,BROWSER,R_DT) values (7,12,'0:0:0:0:0:0:0:1','win','chrome',to_date('20/08/24','RR/MM/DD'));
Insert into HR.T_USER_LOGINHISTORY (I_HISTORY,I_USER,IP_ADDR,OS,BROWSER,R_DT) values (8,12,'0:0:0:0:0:0:0:1','win','chrome',to_date('20/08/24','RR/MM/DD'));
Insert into HR.T_USER_LOGINHISTORY (I_HISTORY,I_USER,IP_ADDR,OS,BROWSER,R_DT) values (9,12,'0:0:0:0:0:0:0:1','win','chrome',to_date('20/08/24','RR/MM/DD'));
Insert into HR.T_USER_LOGINHISTORY (I_HISTORY,I_USER,IP_ADDR,OS,BROWSER,R_DT) values (10,12,'0:0:0:0:0:0:0:1','win','chrome',to_date('20/08/25','RR/MM/DD'));
Insert into HR.T_USER_LOGINHISTORY (I_HISTORY,I_USER,IP_ADDR,OS,BROWSER,R_DT) values (11,12,'0:0:0:0:0:0:0:1','win','chrome',to_date('20/08/25','RR/MM/DD'));
Insert into HR.T_USER_LOGINHISTORY (I_HISTORY,I_USER,IP_ADDR,OS,BROWSER,R_DT) values (12,12,'0:0:0:0:0:0:0:1','win','chrome',to_date('20/08/25','RR/MM/DD'));
Insert into HR.T_USER_LOGINHISTORY (I_HISTORY,I_USER,IP_ADDR,OS,BROWSER,R_DT) values (17,12,'0:0:0:0:0:0:0:1','win','chrome',to_date('20/08/25','RR/MM/DD'));
Insert into HR.T_USER_LOGINHISTORY (I_HISTORY,I_USER,IP_ADDR,OS,BROWSER,R_DT) values (18,12,'0:0:0:0:0:0:0:1','win','chrome',to_date('20/08/25','RR/MM/DD'));
Insert into HR.T_USER_LOGINHISTORY (I_HISTORY,I_USER,IP_ADDR,OS,BROWSER,R_DT) values (22,12,'0:0:0:0:0:0:0:1','win','chrome',to_date('20/08/25','RR/MM/DD'));
Insert into HR.T_USER_LOGINHISTORY (I_HISTORY,I_USER,IP_ADDR,OS,BROWSER,R_DT) values (23,24,'192.168.2.10','win','chrome',to_date('20/08/25','RR/MM/DD'));
Insert into HR.T_USER_LOGINHISTORY (I_HISTORY,I_USER,IP_ADDR,OS,BROWSER,R_DT) values (24,22,'192.168.2.15','win','chrome',to_date('20/08/25','RR/MM/DD'));
Insert into HR.T_USER_LOGINHISTORY (I_HISTORY,I_USER,IP_ADDR,OS,BROWSER,R_DT) values (25,12,'0:0:0:0:0:0:0:1','win','chrome',to_date('20/08/25','RR/MM/DD'));
Insert into HR.T_USER_LOGINHISTORY (I_HISTORY,I_USER,IP_ADDR,OS,BROWSER,R_DT) values (34,12,'0:0:0:0:0:0:0:1','win','chrome',to_date('20/08/26','RR/MM/DD'));
Insert into HR.T_USER_LOGINHISTORY (I_HISTORY,I_USER,IP_ADDR,OS,BROWSER,R_DT) values (38,12,'0:0:0:0:0:0:0:1','win','chrome',to_date('20/08/26','RR/MM/DD'));
Insert into HR.T_USER_LOGINHISTORY (I_HISTORY,I_USER,IP_ADDR,OS,BROWSER,R_DT) values (44,12,'0:0:0:0:0:0:0:1','win','chrome',to_date('20/08/26','RR/MM/DD'));
Insert into HR.T_USER_LOGINHISTORY (I_HISTORY,I_USER,IP_ADDR,OS,BROWSER,R_DT) values (46,12,'0:0:0:0:0:0:0:1','win','chrome',to_date('20/08/26','RR/MM/DD'));
Insert into HR.T_USER_LOGINHISTORY (I_HISTORY,I_USER,IP_ADDR,OS,BROWSER,R_DT) values (49,12,'0:0:0:0:0:0:0:1','win','chrome',to_date('20/08/26','RR/MM/DD'));
Insert into HR.T_USER_LOGINHISTORY (I_HISTORY,I_USER,IP_ADDR,OS,BROWSER,R_DT) values (50,22,'192.168.2.15','win','chrome',to_date('20/08/26','RR/MM/DD'));
Insert into HR.T_USER_LOGINHISTORY (I_HISTORY,I_USER,IP_ADDR,OS,BROWSER,R_DT) values (53,12,'0:0:0:0:0:0:0:1','win','chrome',to_date('20/08/26','RR/MM/DD'));
Insert into HR.T_USER_LOGINHISTORY (I_HISTORY,I_USER,IP_ADDR,OS,BROWSER,R_DT) values (56,12,'0:0:0:0:0:0:0:1','win','chrome',to_date('20/08/26','RR/MM/DD'));
Insert into HR.T_USER_LOGINHISTORY (I_HISTORY,I_USER,IP_ADDR,OS,BROWSER,R_DT) values (60,13,'192.168.2.7','win','chrome',to_date('20/08/26','RR/MM/DD'));
Insert into HR.T_USER_LOGINHISTORY (I_HISTORY,I_USER,IP_ADDR,OS,BROWSER,R_DT) values (61,12,'0:0:0:0:0:0:0:1','win','chrome',to_date('20/08/26','RR/MM/DD'));
Insert into HR.T_USER_LOGINHISTORY (I_HISTORY,I_USER,IP_ADDR,OS,BROWSER,R_DT) values (65,12,'0:0:0:0:0:0:0:1','win','chrome',to_date('20/08/27','RR/MM/DD'));
Insert into HR.T_USER_LOGINHISTORY (I_HISTORY,I_USER,IP_ADDR,OS,BROWSER,R_DT) values (66,12,'0:0:0:0:0:0:0:1','win','chrome',to_date('20/08/27','RR/MM/DD'));
Insert into HR.T_USER_LOGINHISTORY (I_HISTORY,I_USER,IP_ADDR,OS,BROWSER,R_DT) values (79,12,'0:0:0:0:0:0:0:1','win','chrome',to_date('20/08/27','RR/MM/DD'));
Insert into HR.T_USER_LOGINHISTORY (I_HISTORY,I_USER,IP_ADDR,OS,BROWSER,R_DT) values (84,12,'0:0:0:0:0:0:0:1','win','chrome',to_date('20/08/27','RR/MM/DD'));
Insert into HR.T_USER_LOGINHISTORY (I_HISTORY,I_USER,IP_ADDR,OS,BROWSER,R_DT) values (85,12,'0:0:0:0:0:0:0:1','win','chrome',to_date('20/08/27','RR/MM/DD'));
Insert into HR.T_USER_LOGINHISTORY (I_HISTORY,I_USER,IP_ADDR,OS,BROWSER,R_DT) values (86,12,'0:0:0:0:0:0:0:1','win','chrome',to_date('20/08/27','RR/MM/DD'));
Insert into HR.T_USER_LOGINHISTORY (I_HISTORY,I_USER,IP_ADDR,OS,BROWSER,R_DT) values (87,12,'0:0:0:0:0:0:0:1','win','chrome',to_date('20/08/27','RR/MM/DD'));
Insert into HR.T_USER_LOGINHISTORY (I_HISTORY,I_USER,IP_ADDR,OS,BROWSER,R_DT) values (89,12,'0:0:0:0:0:0:0:1','win','chrome',to_date('20/08/27','RR/MM/DD'));
Insert into HR.T_USER_LOGINHISTORY (I_HISTORY,I_USER,IP_ADDR,OS,BROWSER,R_DT) values (90,12,'0:0:0:0:0:0:0:1','win','chrome',to_date('20/08/27','RR/MM/DD'));
Insert into HR.T_USER_LOGINHISTORY (I_HISTORY,I_USER,IP_ADDR,OS,BROWSER,R_DT) values (13,13,'192.168.2.7','win','chrome',to_date('20/08/25','RR/MM/DD'));
Insert into HR.T_USER_LOGINHISTORY (I_HISTORY,I_USER,IP_ADDR,OS,BROWSER,R_DT) values (20,12,'0:0:0:0:0:0:0:1','win','chrome',to_date('20/08/25','RR/MM/DD'));
Insert into HR.T_USER_LOGINHISTORY (I_HISTORY,I_USER,IP_ADDR,OS,BROWSER,R_DT) values (26,12,'0:0:0:0:0:0:0:1','win','chrome',to_date('20/08/25','RR/MM/DD'));
Insert into HR.T_USER_LOGINHISTORY (I_HISTORY,I_USER,IP_ADDR,OS,BROWSER,R_DT) values (27,29,'192.168.2.11','win','chrome',to_date('20/08/25','RR/MM/DD'));
Insert into HR.T_USER_LOGINHISTORY (I_HISTORY,I_USER,IP_ADDR,OS,BROWSER,R_DT) values (55,12,'0:0:0:0:0:0:0:1','win','chrome',to_date('20/08/26','RR/MM/DD'));
Insert into HR.T_USER_LOGINHISTORY (I_HISTORY,I_USER,IP_ADDR,OS,BROWSER,R_DT) values (64,12,'0:0:0:0:0:0:0:1','win','chrome',to_date('20/08/27','RR/MM/DD'));
Insert into HR.T_USER_LOGINHISTORY (I_HISTORY,I_USER,IP_ADDR,OS,BROWSER,R_DT) values (67,13,'192.168.2.7','win','chrome',to_date('20/08/27','RR/MM/DD'));
Insert into HR.T_USER_LOGINHISTORY (I_HISTORY,I_USER,IP_ADDR,OS,BROWSER,R_DT) values (68,22,'192.168.2.15','win','chrome',to_date('20/08/27','RR/MM/DD'));
Insert into HR.T_USER_LOGINHISTORY (I_HISTORY,I_USER,IP_ADDR,OS,BROWSER,R_DT) values (69,18,'192.168.2.6','win','chrome',to_date('20/08/27','RR/MM/DD'));
Insert into HR.T_USER_LOGINHISTORY (I_HISTORY,I_USER,IP_ADDR,OS,BROWSER,R_DT) values (70,12,'0:0:0:0:0:0:0:1','win','chrome',to_date('20/08/27','RR/MM/DD'));
Insert into HR.T_USER_LOGINHISTORY (I_HISTORY,I_USER,IP_ADDR,OS,BROWSER,R_DT) values (71,22,'192.168.2.15','win','chrome',to_date('20/08/27','RR/MM/DD'));
Insert into HR.T_USER_LOGINHISTORY (I_HISTORY,I_USER,IP_ADDR,OS,BROWSER,R_DT) values (72,30,'192.168.2.5','win','chrome',to_date('20/08/27','RR/MM/DD'));
Insert into HR.T_USER_LOGINHISTORY (I_HISTORY,I_USER,IP_ADDR,OS,BROWSER,R_DT) values (73,12,'0:0:0:0:0:0:0:1','win','chrome',to_date('20/08/27','RR/MM/DD'));
Insert into HR.T_USER_LOGINHISTORY (I_HISTORY,I_USER,IP_ADDR,OS,BROWSER,R_DT) values (74,12,'0:0:0:0:0:0:0:1','win','chrome',to_date('20/08/27','RR/MM/DD'));
Insert into HR.T_USER_LOGINHISTORY (I_HISTORY,I_USER,IP_ADDR,OS,BROWSER,R_DT) values (75,12,'0:0:0:0:0:0:0:1','win','chrome',to_date('20/08/27','RR/MM/DD'));
Insert into HR.T_USER_LOGINHISTORY (I_HISTORY,I_USER,IP_ADDR,OS,BROWSER,R_DT) values (76,13,'192.168.2.7','win','chrome',to_date('20/08/27','RR/MM/DD'));
Insert into HR.T_USER_LOGINHISTORY (I_HISTORY,I_USER,IP_ADDR,OS,BROWSER,R_DT) values (77,12,'0:0:0:0:0:0:0:1','win','chrome',to_date('20/08/27','RR/MM/DD'));
Insert into HR.T_USER_LOGINHISTORY (I_HISTORY,I_USER,IP_ADDR,OS,BROWSER,R_DT) values (78,12,'0:0:0:0:0:0:0:1','win','chrome',to_date('20/08/27','RR/MM/DD'));
Insert into HR.T_USER_LOGINHISTORY (I_HISTORY,I_USER,IP_ADDR,OS,BROWSER,R_DT) values (80,12,'0:0:0:0:0:0:0:1','win','chrome',to_date('20/08/27','RR/MM/DD'));
Insert into HR.T_USER_LOGINHISTORY (I_HISTORY,I_USER,IP_ADDR,OS,BROWSER,R_DT) values (81,12,'0:0:0:0:0:0:0:1','win','chrome',to_date('20/08/27','RR/MM/DD'));
Insert into HR.T_USER_LOGINHISTORY (I_HISTORY,I_USER,IP_ADDR,OS,BROWSER,R_DT) values (82,12,'0:0:0:0:0:0:0:1','win','chrome',to_date('20/08/27','RR/MM/DD'));
Insert into HR.T_USER_LOGINHISTORY (I_HISTORY,I_USER,IP_ADDR,OS,BROWSER,R_DT) values (83,12,'0:0:0:0:0:0:0:1','win','chrome',to_date('20/08/27','RR/MM/DD'));
Insert into HR.T_USER_LOGINHISTORY (I_HISTORY,I_USER,IP_ADDR,OS,BROWSER,R_DT) values (88,12,'0:0:0:0:0:0:0:1','win','chrome',to_date('20/08/27','RR/MM/DD'));
Insert into HR.T_USER_LOGINHISTORY (I_HISTORY,I_USER,IP_ADDR,OS,BROWSER,R_DT) values (3,12,'0:0:0:0:0:0:0:1','win','chrome',to_date('20/08/24','RR/MM/DD'));
Insert into HR.T_USER_LOGINHISTORY (I_HISTORY,I_USER,IP_ADDR,OS,BROWSER,R_DT) values (4,12,'0:0:0:0:0:0:0:1','win','chrome',to_date('20/08/24','RR/MM/DD'));
Insert into HR.T_USER_LOGINHISTORY (I_HISTORY,I_USER,IP_ADDR,OS,BROWSER,R_DT) values (14,12,'0:0:0:0:0:0:0:1','win','chrome',to_date('20/08/25','RR/MM/DD'));
Insert into HR.T_USER_LOGINHISTORY (I_HISTORY,I_USER,IP_ADDR,OS,BROWSER,R_DT) values (15,18,'192.168.2.6','win','chrome',to_date('20/08/25','RR/MM/DD'));
Insert into HR.T_USER_LOGINHISTORY (I_HISTORY,I_USER,IP_ADDR,OS,BROWSER,R_DT) values (16,12,'0:0:0:0:0:0:0:1','win','chrome',to_date('20/08/25','RR/MM/DD'));
Insert into HR.T_USER_LOGINHISTORY (I_HISTORY,I_USER,IP_ADDR,OS,BROWSER,R_DT) values (19,28,'192.168.2.10','win','chrome',to_date('20/08/25','RR/MM/DD'));
Insert into HR.T_USER_LOGINHISTORY (I_HISTORY,I_USER,IP_ADDR,OS,BROWSER,R_DT) values (21,12,'0:0:0:0:0:0:0:1','win','chrome',to_date('20/08/25','RR/MM/DD'));
Insert into HR.T_USER_LOGINHISTORY (I_HISTORY,I_USER,IP_ADDR,OS,BROWSER,R_DT) values (31,12,'0:0:0:0:0:0:0:1','win','chrome',to_date('20/08/26','RR/MM/DD'));
Insert into HR.T_USER_LOGINHISTORY (I_HISTORY,I_USER,IP_ADDR,OS,BROWSER,R_DT) values (32,12,'0:0:0:0:0:0:0:1','win','chrome',to_date('20/08/26','RR/MM/DD'));
Insert into HR.T_USER_LOGINHISTORY (I_HISTORY,I_USER,IP_ADDR,OS,BROWSER,R_DT) values (33,12,'0:0:0:0:0:0:0:1','win','chrome',to_date('20/08/26','RR/MM/DD'));
Insert into HR.T_USER_LOGINHISTORY (I_HISTORY,I_USER,IP_ADDR,OS,BROWSER,R_DT) values (35,12,'0:0:0:0:0:0:0:1','win','chrome',to_date('20/08/26','RR/MM/DD'));
Insert into HR.T_USER_LOGINHISTORY (I_HISTORY,I_USER,IP_ADDR,OS,BROWSER,R_DT) values (36,12,'0:0:0:0:0:0:0:1','win','chrome',to_date('20/08/26','RR/MM/DD'));
Insert into HR.T_USER_LOGINHISTORY (I_HISTORY,I_USER,IP_ADDR,OS,BROWSER,R_DT) values (37,12,'0:0:0:0:0:0:0:1','win','chrome',to_date('20/08/26','RR/MM/DD'));
Insert into HR.T_USER_LOGINHISTORY (I_HISTORY,I_USER,IP_ADDR,OS,BROWSER,R_DT) values (39,12,'0:0:0:0:0:0:0:1','win','chrome',to_date('20/08/26','RR/MM/DD'));
Insert into HR.T_USER_LOGINHISTORY (I_HISTORY,I_USER,IP_ADDR,OS,BROWSER,R_DT) values (40,12,'0:0:0:0:0:0:0:1','win','chrome',to_date('20/08/26','RR/MM/DD'));
Insert into HR.T_USER_LOGINHISTORY (I_HISTORY,I_USER,IP_ADDR,OS,BROWSER,R_DT) values (41,12,'0:0:0:0:0:0:0:1','win','chrome',to_date('20/08/26','RR/MM/DD'));
Insert into HR.T_USER_LOGINHISTORY (I_HISTORY,I_USER,IP_ADDR,OS,BROWSER,R_DT) values (42,12,'0:0:0:0:0:0:0:1','win','chrome',to_date('20/08/26','RR/MM/DD'));
Insert into HR.T_USER_LOGINHISTORY (I_HISTORY,I_USER,IP_ADDR,OS,BROWSER,R_DT) values (43,12,'0:0:0:0:0:0:0:1','win','chrome',to_date('20/08/26','RR/MM/DD'));
Insert into HR.T_USER_LOGINHISTORY (I_HISTORY,I_USER,IP_ADDR,OS,BROWSER,R_DT) values (45,12,'0:0:0:0:0:0:0:1','win','chrome',to_date('20/08/26','RR/MM/DD'));
Insert into HR.T_USER_LOGINHISTORY (I_HISTORY,I_USER,IP_ADDR,OS,BROWSER,R_DT) values (47,12,'0:0:0:0:0:0:0:1','win','chrome',to_date('20/08/26','RR/MM/DD'));
Insert into HR.T_USER_LOGINHISTORY (I_HISTORY,I_USER,IP_ADDR,OS,BROWSER,R_DT) values (48,12,'0:0:0:0:0:0:0:1','win','chrome',to_date('20/08/26','RR/MM/DD'));
Insert into HR.T_USER_LOGINHISTORY (I_HISTORY,I_USER,IP_ADDR,OS,BROWSER,R_DT) values (51,18,'192.168.2.6','win','chrome',to_date('20/08/26','RR/MM/DD'));
Insert into HR.T_USER_LOGINHISTORY (I_HISTORY,I_USER,IP_ADDR,OS,BROWSER,R_DT) values (52,13,'192.168.2.7','win','chrome',to_date('20/08/26','RR/MM/DD'));
Insert into HR.T_USER_LOGINHISTORY (I_HISTORY,I_USER,IP_ADDR,OS,BROWSER,R_DT) values (54,12,'0:0:0:0:0:0:0:1','win','chrome',to_date('20/08/26','RR/MM/DD'));
Insert into HR.T_USER_LOGINHISTORY (I_HISTORY,I_USER,IP_ADDR,OS,BROWSER,R_DT) values (57,12,'0:0:0:0:0:0:0:1','win','chrome',to_date('20/08/26','RR/MM/DD'));
Insert into HR.T_USER_LOGINHISTORY (I_HISTORY,I_USER,IP_ADDR,OS,BROWSER,R_DT) values (58,13,'192.168.2.7','win','chrome',to_date('20/08/26','RR/MM/DD'));
Insert into HR.T_USER_LOGINHISTORY (I_HISTORY,I_USER,IP_ADDR,OS,BROWSER,R_DT) values (59,13,'192.168.2.7','win','chrome',to_date('20/08/26','RR/MM/DD'));
Insert into HR.T_USER_LOGINHISTORY (I_HISTORY,I_USER,IP_ADDR,OS,BROWSER,R_DT) values (62,12,'0:0:0:0:0:0:0:1','win','chrome',to_date('20/08/26','RR/MM/DD'));
Insert into HR.T_USER_LOGINHISTORY (I_HISTORY,I_USER,IP_ADDR,OS,BROWSER,R_DT) values (63,12,'0:0:0:0:0:0:0:1','win','chrome',to_date('20/08/26','RR/MM/DD'));
--------------------------------------------------------
--  DDL for Index LOC_ID_PK
--------------------------------------------------------

  CREATE UNIQUE INDEX "HR"."LOC_ID_PK" ON "HR"."LOCATIONS" ("LOCATION_ID") 
  PCTFREE 10 INITRANS 2 MAXTRANS 255 NOLOGGING COMPUTE STATISTICS 
  STORAGE(INITIAL 65536 NEXT 1048576 MINEXTENTS 1 MAXEXTENTS 2147483645
  PCTINCREASE 0 FREELISTS 1 FREELIST GROUPS 1 BUFFER_POOL DEFAULT FLASH_CACHE DEFAULT CELL_FLASH_CACHE DEFAULT)
  TABLESPACE "EXAMPLE" ;
--------------------------------------------------------
--  DDL for Index EMP_MANAGER_IX
--------------------------------------------------------

  CREATE INDEX "HR"."EMP_MANAGER_IX" ON "HR"."EMPLOYEES" ("MANAGER_ID") 
  PCTFREE 10 INITRANS 2 MAXTRANS 255 NOLOGGING COMPUTE STATISTICS 
  STORAGE(INITIAL 65536 NEXT 1048576 MINEXTENTS 1 MAXEXTENTS 2147483645
  PCTINCREASE 0 FREELISTS 1 FREELIST GROUPS 1 BUFFER_POOL DEFAULT FLASH_CACHE DEFAULT CELL_FLASH_CACHE DEFAULT)
  TABLESPACE "EXAMPLE" ;
--------------------------------------------------------
--  DDL for Index SYS_C0011065
--------------------------------------------------------

  CREATE UNIQUE INDEX "HR"."SYS_C0011065" ON "HR"."T_STUDENT_HOBBY" ("I_STUDENT", "I_HOBBY") 
  PCTFREE 10 INITRANS 2 MAXTRANS 255 COMPUTE STATISTICS 
  STORAGE(INITIAL 65536 NEXT 1048576 MINEXTENTS 1 MAXEXTENTS 2147483645
  PCTINCREASE 0 FREELISTS 1 FREELIST GROUPS 1 BUFFER_POOL DEFAULT FLASH_CACHE DEFAULT CELL_FLASH_CACHE DEFAULT)
  TABLESPACE "USERS" ;
--------------------------------------------------------
--  DDL for Index SYS_C0011073
--------------------------------------------------------

  CREATE UNIQUE INDEX "HR"."SYS_C0011073" ON "HR"."T_BOARD_LIKE" ("I_BOARD", "I_STUDENT") 
  PCTFREE 10 INITRANS 2 MAXTRANS 255 COMPUTE STATISTICS 
  STORAGE(INITIAL 65536 NEXT 1048576 MINEXTENTS 1 MAXEXTENTS 2147483645
  PCTINCREASE 0 FREELISTS 1 FREELIST GROUPS 1 BUFFER_POOL DEFAULT FLASH_CACHE DEFAULT CELL_FLASH_CACHE DEFAULT)
  TABLESPACE "USERS" ;
--------------------------------------------------------
--  DDL for Index DEPT_LOCATION_IX
--------------------------------------------------------

  CREATE INDEX "HR"."DEPT_LOCATION_IX" ON "HR"."DEPARTMENTS" ("LOCATION_ID") 
  PCTFREE 10 INITRANS 2 MAXTRANS 255 NOLOGGING COMPUTE STATISTICS 
  STORAGE(INITIAL 65536 NEXT 1048576 MINEXTENTS 1 MAXEXTENTS 2147483645
  PCTINCREASE 0 FREELISTS 1 FREELIST GROUPS 1 BUFFER_POOL DEFAULT FLASH_CACHE DEFAULT CELL_FLASH_CACHE DEFAULT)
  TABLESPACE "EXAMPLE" ;
--------------------------------------------------------
--  DDL for Index JHIST_EMP_ID_ST_DATE_PK
--------------------------------------------------------

  CREATE UNIQUE INDEX "HR"."JHIST_EMP_ID_ST_DATE_PK" ON "HR"."JOB_HISTORY" ("EMPLOYEE_ID", "START_DATE") 
  PCTFREE 10 INITRANS 2 MAXTRANS 255 NOLOGGING COMPUTE STATISTICS 
  STORAGE(INITIAL 65536 NEXT 1048576 MINEXTENTS 1 MAXEXTENTS 2147483645
  PCTINCREASE 0 FREELISTS 1 FREELIST GROUPS 1 BUFFER_POOL DEFAULT FLASH_CACHE DEFAULT CELL_FLASH_CACHE DEFAULT)
  TABLESPACE "EXAMPLE" ;
--------------------------------------------------------
--  DDL for Index SYS_C0011059
--------------------------------------------------------

  CREATE UNIQUE INDEX "HR"."SYS_C0011059" ON "HR"."T_STUDENT" ("I_STUDENT") 
  PCTFREE 10 INITRANS 2 MAXTRANS 255 COMPUTE STATISTICS 
  STORAGE(INITIAL 65536 NEXT 1048576 MINEXTENTS 1 MAXEXTENTS 2147483645
  PCTINCREASE 0 FREELISTS 1 FREELIST GROUPS 1 BUFFER_POOL DEFAULT FLASH_CACHE DEFAULT CELL_FLASH_CACHE DEFAULT)
  TABLESPACE "USERS" ;
--------------------------------------------------------
--  DDL for Index JHIST_DEPARTMENT_IX
--------------------------------------------------------

  CREATE INDEX "HR"."JHIST_DEPARTMENT_IX" ON "HR"."JOB_HISTORY" ("DEPARTMENT_ID") 
  PCTFREE 10 INITRANS 2 MAXTRANS 255 NOLOGGING COMPUTE STATISTICS 
  STORAGE(INITIAL 65536 NEXT 1048576 MINEXTENTS 1 MAXEXTENTS 2147483645
  PCTINCREASE 0 FREELISTS 1 FREELIST GROUPS 1 BUFFER_POOL DEFAULT FLASH_CACHE DEFAULT CELL_FLASH_CACHE DEFAULT)
  TABLESPACE "EXAMPLE" ;
--------------------------------------------------------
--  DDL for Index IDX_STUDENT_AGE
--------------------------------------------------------

  CREATE INDEX "HR"."IDX_STUDENT_AGE" ON "HR"."T_STUDENT" ("AGE") 
  PCTFREE 10 INITRANS 2 MAXTRANS 255 COMPUTE STATISTICS 
  STORAGE(INITIAL 65536 NEXT 1048576 MINEXTENTS 1 MAXEXTENTS 2147483645
  PCTINCREASE 0 FREELISTS 1 FREELIST GROUPS 1 BUFFER_POOL DEFAULT FLASH_CACHE DEFAULT CELL_FLASH_CACHE DEFAULT)
  TABLESPACE "USERS" ;
--------------------------------------------------------
--  DDL for Index COUNTRY_C_ID_PK
--------------------------------------------------------

  CREATE UNIQUE INDEX "HR"."COUNTRY_C_ID_PK" ON "HR"."COUNTRIES" ("COUNTRY_ID") 
  PCTFREE 10 INITRANS 2 MAXTRANS 255 NOLOGGING COMPUTE STATISTICS 
  STORAGE(INITIAL 65536 NEXT 1048576 MINEXTENTS 1 MAXEXTENTS 2147483645
  PCTINCREASE 0 FREELISTS 1 FREELIST GROUPS 1 BUFFER_POOL DEFAULT FLASH_CACHE DEFAULT CELL_FLASH_CACHE DEFAULT)
  TABLESPACE "EXAMPLE" ;
--------------------------------------------------------
--  DDL for Index JHIST_JOB_IX
--------------------------------------------------------

  CREATE INDEX "HR"."JHIST_JOB_IX" ON "HR"."JOB_HISTORY" ("JOB_ID") 
  PCTFREE 10 INITRANS 2 MAXTRANS 255 NOLOGGING COMPUTE STATISTICS 
  STORAGE(INITIAL 65536 NEXT 1048576 MINEXTENTS 1 MAXEXTENTS 2147483645
  PCTINCREASE 0 FREELISTS 1 FREELIST GROUPS 1 BUFFER_POOL DEFAULT FLASH_CACHE DEFAULT CELL_FLASH_CACHE DEFAULT)
  TABLESPACE "EXAMPLE" ;
--------------------------------------------------------
--  DDL for Index JHIST_EMPLOYEE_IX
--------------------------------------------------------

  CREATE INDEX "HR"."JHIST_EMPLOYEE_IX" ON "HR"."JOB_HISTORY" ("EMPLOYEE_ID") 
  PCTFREE 10 INITRANS 2 MAXTRANS 255 NOLOGGING COMPUTE STATISTICS 
  STORAGE(INITIAL 65536 NEXT 1048576 MINEXTENTS 1 MAXEXTENTS 2147483645
  PCTINCREASE 0 FREELISTS 1 FREELIST GROUPS 1 BUFFER_POOL DEFAULT FLASH_CACHE DEFAULT CELL_FLASH_CACHE DEFAULT)
  TABLESPACE "EXAMPLE" ;
--------------------------------------------------------
--  DDL for Index EMP_JOB_IX
--------------------------------------------------------

  CREATE INDEX "HR"."EMP_JOB_IX" ON "HR"."EMPLOYEES" ("JOB_ID") 
  PCTFREE 10 INITRANS 2 MAXTRANS 255 NOLOGGING COMPUTE STATISTICS 
  STORAGE(INITIAL 65536 NEXT 1048576 MINEXTENTS 1 MAXEXTENTS 2147483645
  PCTINCREASE 0 FREELISTS 1 FREELIST GROUPS 1 BUFFER_POOL DEFAULT FLASH_CACHE DEFAULT CELL_FLASH_CACHE DEFAULT)
  TABLESPACE "EXAMPLE" ;
--------------------------------------------------------
--  DDL for Index SYS_C0011071
--------------------------------------------------------

  CREATE UNIQUE INDEX "HR"."SYS_C0011071" ON "HR"."T_BOARD" ("I_BOARD") 
  PCTFREE 10 INITRANS 2 MAXTRANS 255 COMPUTE STATISTICS 
  STORAGE(INITIAL 65536 NEXT 1048576 MINEXTENTS 1 MAXEXTENTS 2147483645
  PCTINCREASE 0 FREELISTS 1 FREELIST GROUPS 1 BUFFER_POOL DEFAULT FLASH_CACHE DEFAULT CELL_FLASH_CACHE DEFAULT)
  TABLESPACE "USERS" ;
--------------------------------------------------------
--  DDL for Index LOC_CITY_IX
--------------------------------------------------------

  CREATE INDEX "HR"."LOC_CITY_IX" ON "HR"."LOCATIONS" ("CITY") 
  PCTFREE 10 INITRANS 2 MAXTRANS 255 NOLOGGING COMPUTE STATISTICS 
  STORAGE(INITIAL 65536 NEXT 1048576 MINEXTENTS 1 MAXEXTENTS 2147483645
  PCTINCREASE 0 FREELISTS 1 FREELIST GROUPS 1 BUFFER_POOL DEFAULT FLASH_CACHE DEFAULT CELL_FLASH_CACHE DEFAULT)
  TABLESPACE "EXAMPLE" ;
--------------------------------------------------------
--  DDL for Index JOB_ID_PK
--------------------------------------------------------

  CREATE UNIQUE INDEX "HR"."JOB_ID_PK" ON "HR"."JOBS" ("JOB_ID") 
  PCTFREE 10 INITRANS 2 MAXTRANS 255 NOLOGGING COMPUTE STATISTICS 
  STORAGE(INITIAL 65536 NEXT 1048576 MINEXTENTS 1 MAXEXTENTS 2147483645
  PCTINCREASE 0 FREELISTS 1 FREELIST GROUPS 1 BUFFER_POOL DEFAULT FLASH_CACHE DEFAULT CELL_FLASH_CACHE DEFAULT)
  TABLESPACE "EXAMPLE" ;
--------------------------------------------------------
--  DDL for Index LOC_STATE_PROVINCE_IX
--------------------------------------------------------

  CREATE INDEX "HR"."LOC_STATE_PROVINCE_IX" ON "HR"."LOCATIONS" ("STATE_PROVINCE") 
  PCTFREE 10 INITRANS 2 MAXTRANS 255 NOLOGGING COMPUTE STATISTICS 
  STORAGE(INITIAL 65536 NEXT 1048576 MINEXTENTS 1 MAXEXTENTS 2147483645
  PCTINCREASE 0 FREELISTS 1 FREELIST GROUPS 1 BUFFER_POOL DEFAULT FLASH_CACHE DEFAULT CELL_FLASH_CACHE DEFAULT)
  TABLESPACE "EXAMPLE" ;
--------------------------------------------------------
--  DDL for Index EMP_DEPARTMENT_IX
--------------------------------------------------------

  CREATE INDEX "HR"."EMP_DEPARTMENT_IX" ON "HR"."EMPLOYEES" ("DEPARTMENT_ID") 
  PCTFREE 10 INITRANS 2 MAXTRANS 255 NOLOGGING COMPUTE STATISTICS 
  STORAGE(INITIAL 65536 NEXT 1048576 MINEXTENTS 1 MAXEXTENTS 2147483645
  PCTINCREASE 0 FREELISTS 1 FREELIST GROUPS 1 BUFFER_POOL DEFAULT FLASH_CACHE DEFAULT CELL_FLASH_CACHE DEFAULT)
  TABLESPACE "EXAMPLE" ;
--------------------------------------------------------
--  DDL for Index EMP_EMAIL_UK
--------------------------------------------------------

  CREATE UNIQUE INDEX "HR"."EMP_EMAIL_UK" ON "HR"."EMPLOYEES" ("EMAIL") 
  PCTFREE 10 INITRANS 2 MAXTRANS 255 NOLOGGING COMPUTE STATISTICS 
  STORAGE(INITIAL 65536 NEXT 1048576 MINEXTENTS 1 MAXEXTENTS 2147483645
  PCTINCREASE 0 FREELISTS 1 FREELIST GROUPS 1 BUFFER_POOL DEFAULT FLASH_CACHE DEFAULT CELL_FLASH_CACHE DEFAULT)
  TABLESPACE "EXAMPLE" ;
--------------------------------------------------------
--  DDL for Index EMP_NAME_IX
--------------------------------------------------------

  CREATE INDEX "HR"."EMP_NAME_IX" ON "HR"."EMPLOYEES" ("LAST_NAME", "FIRST_NAME") 
  PCTFREE 10 INITRANS 2 MAXTRANS 255 NOLOGGING COMPUTE STATISTICS 
  STORAGE(INITIAL 65536 NEXT 1048576 MINEXTENTS 1 MAXEXTENTS 2147483645
  PCTINCREASE 0 FREELISTS 1 FREELIST GROUPS 1 BUFFER_POOL DEFAULT FLASH_CACHE DEFAULT CELL_FLASH_CACHE DEFAULT)
  TABLESPACE "EXAMPLE" ;
--------------------------------------------------------
--  DDL for Index SYS_C0011061
--------------------------------------------------------

  CREATE UNIQUE INDEX "HR"."SYS_C0011061" ON "HR"."T_HOBBY" ("I_HOBBY") 
  PCTFREE 10 INITRANS 2 MAXTRANS 255 COMPUTE STATISTICS 
  STORAGE(INITIAL 65536 NEXT 1048576 MINEXTENTS 1 MAXEXTENTS 2147483645
  PCTINCREASE 0 FREELISTS 1 FREELIST GROUPS 1 BUFFER_POOL DEFAULT FLASH_CACHE DEFAULT CELL_FLASH_CACHE DEFAULT)
  TABLESPACE "USERS" ;
--------------------------------------------------------
--  DDL for Index REG_ID_PK
--------------------------------------------------------

  CREATE UNIQUE INDEX "HR"."REG_ID_PK" ON "HR"."REGIONS" ("REGION_ID") 
  PCTFREE 10 INITRANS 2 MAXTRANS 255 NOLOGGING COMPUTE STATISTICS 
  STORAGE(INITIAL 65536 NEXT 1048576 MINEXTENTS 1 MAXEXTENTS 2147483645
  PCTINCREASE 0 FREELISTS 1 FREELIST GROUPS 1 BUFFER_POOL DEFAULT FLASH_CACHE DEFAULT CELL_FLASH_CACHE DEFAULT)
  TABLESPACE "EXAMPLE" ;
--------------------------------------------------------
--  DDL for Index EMP_EMP_ID_PK
--------------------------------------------------------

  CREATE UNIQUE INDEX "HR"."EMP_EMP_ID_PK" ON "HR"."EMPLOYEES" ("EMPLOYEE_ID") 
  PCTFREE 10 INITRANS 2 MAXTRANS 255 NOLOGGING COMPUTE STATISTICS 
  STORAGE(INITIAL 65536 NEXT 1048576 MINEXTENTS 1 MAXEXTENTS 2147483645
  PCTINCREASE 0 FREELISTS 1 FREELIST GROUPS 1 BUFFER_POOL DEFAULT FLASH_CACHE DEFAULT CELL_FLASH_CACHE DEFAULT)
  TABLESPACE "EXAMPLE" ;
--------------------------------------------------------
--  DDL for Index DEPT_ID_PK
--------------------------------------------------------

  CREATE UNIQUE INDEX "HR"."DEPT_ID_PK" ON "HR"."DEPARTMENTS" ("DEPARTMENT_ID") 
  PCTFREE 10 INITRANS 2 MAXTRANS 255 NOLOGGING COMPUTE STATISTICS 
  STORAGE(INITIAL 65536 NEXT 1048576 MINEXTENTS 1 MAXEXTENTS 2147483645
  PCTINCREASE 0 FREELISTS 1 FREELIST GROUPS 1 BUFFER_POOL DEFAULT FLASH_CACHE DEFAULT CELL_FLASH_CACHE DEFAULT)
  TABLESPACE "EXAMPLE" ;
--------------------------------------------------------
--  DDL for Index LOC_COUNTRY_IX
--------------------------------------------------------

  CREATE INDEX "HR"."LOC_COUNTRY_IX" ON "HR"."LOCATIONS" ("COUNTRY_ID") 
  PCTFREE 10 INITRANS 2 MAXTRANS 255 NOLOGGING COMPUTE STATISTICS 
  STORAGE(INITIAL 65536 NEXT 1048576 MINEXTENTS 1 MAXEXTENTS 2147483645
  PCTINCREASE 0 FREELISTS 1 FREELIST GROUPS 1 BUFFER_POOL DEFAULT FLASH_CACHE DEFAULT CELL_FLASH_CACHE DEFAULT)
  TABLESPACE "EXAMPLE" ;
--------------------------------------------------------
--  DDL for Trigger SECURE_EMPLOYEES
--------------------------------------------------------

  CREATE OR REPLACE TRIGGER "HR"."SECURE_EMPLOYEES" 
  BEFORE INSERT OR UPDATE OR DELETE ON employees
BEGIN
  secure_dml;
END secure_employees;
/
ALTER TRIGGER "HR"."SECURE_EMPLOYEES" DISABLE;
--------------------------------------------------------
--  DDL for Trigger UPDATE_JOB_HISTORY
--------------------------------------------------------

  CREATE OR REPLACE TRIGGER "HR"."UPDATE_JOB_HISTORY" 
  AFTER UPDATE OF job_id, department_id ON employees
  FOR EACH ROW
BEGIN
  add_job_history(:old.employee_id, :old.hire_date, sysdate,
                  :old.job_id, :old.department_id);
END;
/
ALTER TRIGGER "HR"."UPDATE_JOB_HISTORY" ENABLE;
--------------------------------------------------------
--  DDL for Procedure ADD_JOB_HISTORY
--------------------------------------------------------
set define off;

  CREATE OR REPLACE PROCEDURE "HR"."ADD_JOB_HISTORY" 
  (  p_emp_id          job_history.employee_id%type
   , p_start_date      job_history.start_date%type
   , p_end_date        job_history.end_date%type
   , p_job_id          job_history.job_id%type
   , p_department_id   job_history.department_id%type
   )
IS
BEGIN
  INSERT INTO job_history (employee_id, start_date, end_date,
                           job_id, department_id)
    VALUES(p_emp_id, p_start_date, p_end_date, p_job_id, p_department_id);
END add_job_history;

/
--------------------------------------------------------
--  DDL for Procedure PROC_INSERT_ORDER
--------------------------------------------------------
set define off;

  CREATE OR REPLACE PROCEDURE "HR"."PROC_INSERT_ORDER" 
(
p_o_no IN T_ORDER.o_no%TYPE,
p_cus_no IN T_ORDER.cus_no%TYPE,
p_o_price IN T_ORDER.o_price%TYPE
)
IS
BEGIN
INSERT INTO T_ORDER(o_no, cus_no, o_date, o_price)
VALUES (p_o_no, p_cus_no, sysdate, p_o_price);
COMMIT;
END;


CREATE OR REPLACE FUNCTION fn_GET_AGE(V_BIRTH_DATE CHAR)
RETURN NUMBER
IS
    V_CURRENT_YEAR CHAR(4);
    V_BIRTH_YEAR CHAR(4);
    V_AGE NUMBER;
BEGIN
    SELECT TO_CHAR(SYSDATE, 'YYYY'), SUBSTR(V_BIRTH_DATE, 1, 4)
    INTO V_CURRENT_YEAR, V_BIRTH_YEAR
    FROM DUAL;

    V_AGE := TO_NUMBER(V_CURRENT_YEAR) - TO_NUMBER(V_BIRTH_YEAR) + 1;

    RETURN AGE;
END;

/
--------------------------------------------------------
--  DDL for Procedure SECURE_DML
--------------------------------------------------------
set define off;

  CREATE OR REPLACE PROCEDURE "HR"."SECURE_DML" 
IS
BEGIN
  IF TO_CHAR (SYSDATE, 'HH24:MI') NOT BETWEEN '08:00' AND '18:00'
        OR TO_CHAR (SYSDATE, 'DY') IN ('SAT', 'SUN') THEN
	RAISE_APPLICATION_ERROR (-20205,
		'You may only make changes during normal office hours');
  END IF;
END secure_dml;

/
--------------------------------------------------------
--  DDL for Function FN_GET_AGE
--------------------------------------------------------

  CREATE OR REPLACE FUNCTION "HR"."FN_GET_AGE" (V_BIRTH_DATE CHAR)

IS
    V_CURRENT_YEAR CHAR(4);
    V_BIRTH_YEAR CHAR(4);
    V_AGE NUMBER;
BEGIN
    SELECT TO_CHAR(SYSDATE, 'YYYY'), SUBSTR(V_BIRTH_DATE, 1, 4)
    INTO V_CURRENT_YEAR, V_BIRTH_YEAR
    FROM DUAL;

    V_AGE := TO_NUMBER(V_CURRENT_YEAR) - TO_NUMBER(V_BIRTH_YEAR) + 1;


END;

/
--------------------------------------------------------
--  Constraints for Table T_BOARD
--------------------------------------------------------

  ALTER TABLE "HR"."T_BOARD" MODIFY ("TITLE" NOT NULL ENABLE);
 
  ALTER TABLE "HR"."T_BOARD" MODIFY ("CTNT" NOT NULL ENABLE);
 
  ALTER TABLE "HR"."T_BOARD" MODIFY ("I_STUDENT" NOT NULL ENABLE);
 
  ALTER TABLE "HR"."T_BOARD" ADD PRIMARY KEY ("I_BOARD")
  USING INDEX PCTFREE 10 INITRANS 2 MAXTRANS 255 COMPUTE STATISTICS 
  STORAGE(INITIAL 65536 NEXT 1048576 MINEXTENTS 1 MAXEXTENTS 2147483645
  PCTINCREASE 0 FREELISTS 1 FREELIST GROUPS 1 BUFFER_POOL DEFAULT FLASH_CACHE DEFAULT CELL_FLASH_CACHE DEFAULT)
  TABLESPACE "USERS"  ENABLE;
--------------------------------------------------------
--  Constraints for Table JOBS
--------------------------------------------------------

  ALTER TABLE "HR"."JOBS" ADD CONSTRAINT "JOB_ID_PK" PRIMARY KEY ("JOB_ID")
  USING INDEX PCTFREE 10 INITRANS 2 MAXTRANS 255 NOLOGGING COMPUTE STATISTICS 
  STORAGE(INITIAL 65536 NEXT 1048576 MINEXTENTS 1 MAXEXTENTS 2147483645
  PCTINCREASE 0 FREELISTS 1 FREELIST GROUPS 1 BUFFER_POOL DEFAULT FLASH_CACHE DEFAULT CELL_FLASH_CACHE DEFAULT)
  TABLESPACE "EXAMPLE"  ENABLE;
 
  ALTER TABLE "HR"."JOBS" MODIFY ("JOB_TITLE" CONSTRAINT "JOB_TITLE_NN" NOT NULL ENABLE);
--------------------------------------------------------
--  Constraints for Table LOCATIONS
--------------------------------------------------------

  ALTER TABLE "HR"."LOCATIONS" MODIFY ("CITY" CONSTRAINT "LOC_CITY_NN" NOT NULL ENABLE);
 
  ALTER TABLE "HR"."LOCATIONS" ADD CONSTRAINT "LOC_ID_PK" PRIMARY KEY ("LOCATION_ID")
  USING INDEX PCTFREE 10 INITRANS 2 MAXTRANS 255 NOLOGGING COMPUTE STATISTICS 
  STORAGE(INITIAL 65536 NEXT 1048576 MINEXTENTS 1 MAXEXTENTS 2147483645
  PCTINCREASE 0 FREELISTS 1 FREELIST GROUPS 1 BUFFER_POOL DEFAULT FLASH_CACHE DEFAULT CELL_FLASH_CACHE DEFAULT)
  TABLESPACE "EXAMPLE"  ENABLE;
--------------------------------------------------------
--  Constraints for Table T_STUDENT
--------------------------------------------------------

  ALTER TABLE "HR"."T_STUDENT" MODIFY ("NM" NOT NULL ENABLE);
 
  ALTER TABLE "HR"."T_STUDENT" MODIFY ("AGE" NOT NULL ENABLE);
 
  ALTER TABLE "HR"."T_STUDENT" ADD PRIMARY KEY ("I_STUDENT")
  USING INDEX PCTFREE 10 INITRANS 2 MAXTRANS 255 COMPUTE STATISTICS 
  STORAGE(INITIAL 65536 NEXT 1048576 MINEXTENTS 1 MAXEXTENTS 2147483645
  PCTINCREASE 0 FREELISTS 1 FREELIST GROUPS 1 BUFFER_POOL DEFAULT FLASH_CACHE DEFAULT CELL_FLASH_CACHE DEFAULT)
  TABLESPACE "USERS"  ENABLE;
--------------------------------------------------------
--  Constraints for Table T_ORDER
--------------------------------------------------------

  ALTER TABLE "HR"."T_ORDER" MODIFY ("O_DATE" NOT NULL ENABLE);
 
  ALTER TABLE "HR"."T_ORDER" ADD PRIMARY KEY ("O_NO")
  USING INDEX PCTFREE 10 INITRANS 2 MAXTRANS 255 COMPUTE STATISTICS 
  STORAGE(INITIAL 65536 NEXT 1048576 MINEXTENTS 1 MAXEXTENTS 2147483645
  PCTINCREASE 0 FREELISTS 1 FREELIST GROUPS 1 BUFFER_POOL DEFAULT FLASH_CACHE DEFAULT CELL_FLASH_CACHE DEFAULT)
  TABLESPACE "USERS"  ENABLE;
--------------------------------------------------------
--  Constraints for Table T_BOARD_LIKE
--------------------------------------------------------

  ALTER TABLE "HR"."T_BOARD_LIKE" ADD PRIMARY KEY ("I_BOARD", "I_STUDENT")
  USING INDEX PCTFREE 10 INITRANS 2 MAXTRANS 255 COMPUTE STATISTICS 
  STORAGE(INITIAL 65536 NEXT 1048576 MINEXTENTS 1 MAXEXTENTS 2147483645
  PCTINCREASE 0 FREELISTS 1 FREELIST GROUPS 1 BUFFER_POOL DEFAULT FLASH_CACHE DEFAULT CELL_FLASH_CACHE DEFAULT)
  TABLESPACE "USERS"  ENABLE;
--------------------------------------------------------
--  Constraints for Table JOB_HISTORY
--------------------------------------------------------

  ALTER TABLE "HR"."JOB_HISTORY" ADD CONSTRAINT "JHIST_DATE_INTERVAL" CHECK (end_date > start_date) ENABLE;
 
  ALTER TABLE "HR"."JOB_HISTORY" MODIFY ("EMPLOYEE_ID" CONSTRAINT "JHIST_EMPLOYEE_NN" NOT NULL ENABLE);
 
  ALTER TABLE "HR"."JOB_HISTORY" ADD CONSTRAINT "JHIST_EMP_ID_ST_DATE_PK" PRIMARY KEY ("EMPLOYEE_ID", "START_DATE")
  USING INDEX PCTFREE 10 INITRANS 2 MAXTRANS 255 NOLOGGING COMPUTE STATISTICS 
  STORAGE(INITIAL 65536 NEXT 1048576 MINEXTENTS 1 MAXEXTENTS 2147483645
  PCTINCREASE 0 FREELISTS 1 FREELIST GROUPS 1 BUFFER_POOL DEFAULT FLASH_CACHE DEFAULT CELL_FLASH_CACHE DEFAULT)
  TABLESPACE "EXAMPLE"  ENABLE;
 
  ALTER TABLE "HR"."JOB_HISTORY" MODIFY ("END_DATE" CONSTRAINT "JHIST_END_DATE_NN" NOT NULL ENABLE);
 
  ALTER TABLE "HR"."JOB_HISTORY" MODIFY ("JOB_ID" CONSTRAINT "JHIST_JOB_NN" NOT NULL ENABLE);
 
  ALTER TABLE "HR"."JOB_HISTORY" MODIFY ("START_DATE" CONSTRAINT "JHIST_START_DATE_NN" NOT NULL ENABLE);
--------------------------------------------------------
--  Constraints for Table EMPLOYEES
--------------------------------------------------------

  ALTER TABLE "HR"."EMPLOYEES" MODIFY ("EMAIL" CONSTRAINT "EMP_EMAIL_NN" NOT NULL ENABLE);
 
  ALTER TABLE "HR"."EMPLOYEES" ADD CONSTRAINT "EMP_EMAIL_UK" UNIQUE ("EMAIL")
  USING INDEX PCTFREE 10 INITRANS 2 MAXTRANS 255 NOLOGGING COMPUTE STATISTICS 
  STORAGE(INITIAL 65536 NEXT 1048576 MINEXTENTS 1 MAXEXTENTS 2147483645
  PCTINCREASE 0 FREELISTS 1 FREELIST GROUPS 1 BUFFER_POOL DEFAULT FLASH_CACHE DEFAULT CELL_FLASH_CACHE DEFAULT)
  TABLESPACE "EXAMPLE"  ENABLE;
 
  ALTER TABLE "HR"."EMPLOYEES" ADD CONSTRAINT "EMP_EMP_ID_PK" PRIMARY KEY ("EMPLOYEE_ID")
  USING INDEX PCTFREE 10 INITRANS 2 MAXTRANS 255 NOLOGGING COMPUTE STATISTICS 
  STORAGE(INITIAL 65536 NEXT 1048576 MINEXTENTS 1 MAXEXTENTS 2147483645
  PCTINCREASE 0 FREELISTS 1 FREELIST GROUPS 1 BUFFER_POOL DEFAULT FLASH_CACHE DEFAULT CELL_FLASH_CACHE DEFAULT)
  TABLESPACE "EXAMPLE"  ENABLE;
 
  ALTER TABLE "HR"."EMPLOYEES" MODIFY ("HIRE_DATE" CONSTRAINT "EMP_HIRE_DATE_NN" NOT NULL ENABLE);
 
  ALTER TABLE "HR"."EMPLOYEES" MODIFY ("JOB_ID" CONSTRAINT "EMP_JOB_NN" NOT NULL ENABLE);
 
  ALTER TABLE "HR"."EMPLOYEES" MODIFY ("LAST_NAME" CONSTRAINT "EMP_LAST_NAME_NN" NOT NULL ENABLE);
 
  ALTER TABLE "HR"."EMPLOYEES" ADD CONSTRAINT "EMP_SALARY_MIN" CHECK (salary > 0) ENABLE;
--------------------------------------------------------
--  Constraints for Table T_HOBBY
--------------------------------------------------------

  ALTER TABLE "HR"."T_HOBBY" MODIFY ("NM" NOT NULL ENABLE);
 
  ALTER TABLE "HR"."T_HOBBY" ADD PRIMARY KEY ("I_HOBBY")
  USING INDEX PCTFREE 10 INITRANS 2 MAXTRANS 255 COMPUTE STATISTICS 
  STORAGE(INITIAL 65536 NEXT 1048576 MINEXTENTS 1 MAXEXTENTS 2147483645
  PCTINCREASE 0 FREELISTS 1 FREELIST GROUPS 1 BUFFER_POOL DEFAULT FLASH_CACHE DEFAULT CELL_FLASH_CACHE DEFAULT)
  TABLESPACE "USERS"  ENABLE;
--------------------------------------------------------
--  Constraints for Table COUNTRIES
--------------------------------------------------------

  ALTER TABLE "HR"."COUNTRIES" ADD CONSTRAINT "COUNTRY_C_ID_PK" PRIMARY KEY ("COUNTRY_ID")
  USING INDEX PCTFREE 10 INITRANS 2 MAXTRANS 255 NOLOGGING COMPUTE STATISTICS 
  STORAGE(INITIAL 65536 NEXT 1048576 MINEXTENTS 1 MAXEXTENTS 2147483645
  PCTINCREASE 0 FREELISTS 1 FREELIST GROUPS 1 BUFFER_POOL DEFAULT FLASH_CACHE DEFAULT CELL_FLASH_CACHE DEFAULT)
  TABLESPACE "EXAMPLE"  ENABLE;
 
  ALTER TABLE "HR"."COUNTRIES" MODIFY ("COUNTRY_ID" CONSTRAINT "COUNTRY_ID_NN" NOT NULL ENABLE);
--------------------------------------------------------
--  Constraints for Table CUSTOMER
--------------------------------------------------------

  ALTER TABLE "HR"."CUSTOMER" ADD PRIMARY KEY ("CUSTOMERID")
  USING INDEX PCTFREE 10 INITRANS 2 MAXTRANS 255 COMPUTE STATISTICS 
  STORAGE(INITIAL 65536 NEXT 1048576 MINEXTENTS 1 MAXEXTENTS 2147483645
  PCTINCREASE 0 FREELISTS 1 FREELIST GROUPS 1 BUFFER_POOL DEFAULT FLASH_CACHE DEFAULT CELL_FLASH_CACHE DEFAULT)
  TABLESPACE "USERS"  ENABLE;
--------------------------------------------------------
--  Constraints for Table T_CUSTOMER
--------------------------------------------------------

  ALTER TABLE "HR"."T_CUSTOMER" ADD PRIMARY KEY ("CUS_NO")
  USING INDEX PCTFREE 10 INITRANS 2 MAXTRANS 255 COMPUTE STATISTICS 
  STORAGE(INITIAL 65536 NEXT 1048576 MINEXTENTS 1 MAXEXTENTS 2147483645
  PCTINCREASE 0 FREELISTS 1 FREELIST GROUPS 1 BUFFER_POOL DEFAULT FLASH_CACHE DEFAULT CELL_FLASH_CACHE DEFAULT)
  TABLESPACE "USERS"  ENABLE;
--------------------------------------------------------
--  Constraints for Table T_BOARD4_CMT
--------------------------------------------------------

  ALTER TABLE "HR"."T_BOARD4_CMT" MODIFY ("I_USER" NOT NULL ENABLE);
 
  ALTER TABLE "HR"."T_BOARD4_CMT" MODIFY ("I_BOARD" NOT NULL ENABLE);
 
  ALTER TABLE "HR"."T_BOARD4_CMT" MODIFY ("CMT" NOT NULL ENABLE);
 
  ALTER TABLE "HR"."T_BOARD4_CMT" ADD PRIMARY KEY ("I_CMT")
  USING INDEX PCTFREE 10 INITRANS 2 MAXTRANS 255 
  STORAGE(INITIAL 65536 NEXT 1048576 MINEXTENTS 1 MAXEXTENTS 2147483645
  PCTINCREASE 0 FREELISTS 1 FREELIST GROUPS 1 BUFFER_POOL DEFAULT FLASH_CACHE DEFAULT CELL_FLASH_CACHE DEFAULT)
  TABLESPACE "USERS"  ENABLE;
--------------------------------------------------------
--  Constraints for Table DEPARTMENTS
--------------------------------------------------------

  ALTER TABLE "HR"."DEPARTMENTS" ADD CONSTRAINT "DEPT_ID_PK" PRIMARY KEY ("DEPARTMENT_ID")
  USING INDEX PCTFREE 10 INITRANS 2 MAXTRANS 255 NOLOGGING COMPUTE STATISTICS 
  STORAGE(INITIAL 65536 NEXT 1048576 MINEXTENTS 1 MAXEXTENTS 2147483645
  PCTINCREASE 0 FREELISTS 1 FREELIST GROUPS 1 BUFFER_POOL DEFAULT FLASH_CACHE DEFAULT CELL_FLASH_CACHE DEFAULT)
  TABLESPACE "EXAMPLE"  ENABLE;
 
  ALTER TABLE "HR"."DEPARTMENTS" MODIFY ("DEPARTMENT_NAME" CONSTRAINT "DEPT_NAME_NN" NOT NULL ENABLE);
--------------------------------------------------------
--  Constraints for Table T_BOARD4
--------------------------------------------------------

  ALTER TABLE "HR"."T_BOARD4" MODIFY ("TITLE" NOT NULL ENABLE);
 
  ALTER TABLE "HR"."T_BOARD4" MODIFY ("CTNT" NOT NULL ENABLE);
 
  ALTER TABLE "HR"."T_BOARD4" MODIFY ("I_USER" NOT NULL ENABLE);
 
  ALTER TABLE "HR"."T_BOARD4" ADD PRIMARY KEY ("I_BOARD")
  USING INDEX PCTFREE 10 INITRANS 2 MAXTRANS 255 COMPUTE STATISTICS 
  STORAGE(INITIAL 65536 NEXT 1048576 MINEXTENTS 1 MAXEXTENTS 2147483645
  PCTINCREASE 0 FREELISTS 1 FREELIST GROUPS 1 BUFFER_POOL DEFAULT FLASH_CACHE DEFAULT CELL_FLASH_CACHE DEFAULT)
  TABLESPACE "USERS"  ENABLE;
--------------------------------------------------------
--  Constraints for Table T_USER_LOGINHISTORY
--------------------------------------------------------

  ALTER TABLE "HR"."T_USER_LOGINHISTORY" MODIFY ("I_USER" NOT NULL ENABLE);
 
  ALTER TABLE "HR"."T_USER_LOGINHISTORY" MODIFY ("IP_ADDR" NOT NULL ENABLE);
 
  ALTER TABLE "HR"."T_USER_LOGINHISTORY" MODIFY ("OS" NOT NULL ENABLE);
 
  ALTER TABLE "HR"."T_USER_LOGINHISTORY" MODIFY ("BROWSER" NOT NULL ENABLE);
 
  ALTER TABLE "HR"."T_USER_LOGINHISTORY" ADD PRIMARY KEY ("I_HISTORY")
  USING INDEX PCTFREE 10 INITRANS 2 MAXTRANS 255 
  STORAGE(INITIAL 65536 NEXT 1048576 MINEXTENTS 1 MAXEXTENTS 2147483645
  PCTINCREASE 0 FREELISTS 1 FREELIST GROUPS 1 BUFFER_POOL DEFAULT FLASH_CACHE DEFAULT CELL_FLASH_CACHE DEFAULT)
  TABLESPACE "USERS"  ENABLE;
--------------------------------------------------------
--  Constraints for Table T_STUDENT_HOBBY
--------------------------------------------------------

  ALTER TABLE "HR"."T_STUDENT_HOBBY" ADD PRIMARY KEY ("I_STUDENT", "I_HOBBY")
  USING INDEX PCTFREE 10 INITRANS 2 MAXTRANS 255 COMPUTE STATISTICS 
  STORAGE(INITIAL 65536 NEXT 1048576 MINEXTENTS 1 MAXEXTENTS 2147483645
  PCTINCREASE 0 FREELISTS 1 FREELIST GROUPS 1 BUFFER_POOL DEFAULT FLASH_CACHE DEFAULT CELL_FLASH_CACHE DEFAULT)
  TABLESPACE "USERS"  ENABLE;
--------------------------------------------------------
--  Constraints for Table REGIONS
--------------------------------------------------------

  ALTER TABLE "HR"."REGIONS" MODIFY ("REGION_ID" CONSTRAINT "REGION_ID_NN" NOT NULL ENABLE);
 
  ALTER TABLE "HR"."REGIONS" ADD CONSTRAINT "REG_ID_PK" PRIMARY KEY ("REGION_ID")
  USING INDEX PCTFREE 10 INITRANS 2 MAXTRANS 255 NOLOGGING COMPUTE STATISTICS 
  STORAGE(INITIAL 65536 NEXT 1048576 MINEXTENTS 1 MAXEXTENTS 2147483645
  PCTINCREASE 0 FREELISTS 1 FREELIST GROUPS 1 BUFFER_POOL DEFAULT FLASH_CACHE DEFAULT CELL_FLASH_CACHE DEFAULT)
  TABLESPACE "EXAMPLE"  ENABLE;
--------------------------------------------------------
--  Constraints for Table T_USER
--------------------------------------------------------

  ALTER TABLE "HR"."T_USER" MODIFY ("USER_ID" NOT NULL ENABLE);
 
  ALTER TABLE "HR"."T_USER" MODIFY ("USER_PW" NOT NULL ENABLE);
 
  ALTER TABLE "HR"."T_USER" MODIFY ("NM" NOT NULL ENABLE);
 
  ALTER TABLE "HR"."T_USER" ADD PRIMARY KEY ("I_USER")
  USING INDEX PCTFREE 10 INITRANS 2 MAXTRANS 255 COMPUTE STATISTICS 
  STORAGE(INITIAL 65536 NEXT 1048576 MINEXTENTS 1 MAXEXTENTS 2147483645
  PCTINCREASE 0 FREELISTS 1 FREELIST GROUPS 1 BUFFER_POOL DEFAULT FLASH_CACHE DEFAULT CELL_FLASH_CACHE DEFAULT)
  TABLESPACE "USERS"  ENABLE;
--------------------------------------------------------
--  Constraints for Table T_BOARD4_LIKE
--------------------------------------------------------

  ALTER TABLE "HR"."T_BOARD4_LIKE" ADD PRIMARY KEY ("I_USER", "I_BOARD")
  USING INDEX PCTFREE 10 INITRANS 2 MAXTRANS 255 
  STORAGE(INITIAL 65536 NEXT 1048576 MINEXTENTS 1 MAXEXTENTS 2147483645
  PCTINCREASE 0 FREELISTS 1 FREELIST GROUPS 1 BUFFER_POOL DEFAULT FLASH_CACHE DEFAULT CELL_FLASH_CACHE DEFAULT)
  TABLESPACE "USERS"  ENABLE;
--------------------------------------------------------
--  Ref Constraints for Table COUNTRIES
--------------------------------------------------------

  ALTER TABLE "HR"."COUNTRIES" ADD CONSTRAINT "COUNTR_REG_FK" FOREIGN KEY ("REGION_ID")
	  REFERENCES "HR"."REGIONS" ("REGION_ID") ENABLE;
--------------------------------------------------------
--  Ref Constraints for Table DEPARTMENTS
--------------------------------------------------------

  ALTER TABLE "HR"."DEPARTMENTS" ADD CONSTRAINT "DEPT_LOC_FK" FOREIGN KEY ("LOCATION_ID")
	  REFERENCES "HR"."LOCATIONS" ("LOCATION_ID") ENABLE;
 
  ALTER TABLE "HR"."DEPARTMENTS" ADD CONSTRAINT "DEPT_MGR_FK" FOREIGN KEY ("MANAGER_ID")
	  REFERENCES "HR"."EMPLOYEES" ("EMPLOYEE_ID") ENABLE;
--------------------------------------------------------
--  Ref Constraints for Table EMPLOYEES
--------------------------------------------------------

  ALTER TABLE "HR"."EMPLOYEES" ADD CONSTRAINT "EMP_DEPT_FK" FOREIGN KEY ("DEPARTMENT_ID")
	  REFERENCES "HR"."DEPARTMENTS" ("DEPARTMENT_ID") ENABLE;
 
  ALTER TABLE "HR"."EMPLOYEES" ADD CONSTRAINT "EMP_JOB_FK" FOREIGN KEY ("JOB_ID")
	  REFERENCES "HR"."JOBS" ("JOB_ID") ENABLE;
 
  ALTER TABLE "HR"."EMPLOYEES" ADD CONSTRAINT "EMP_MANAGER_FK" FOREIGN KEY ("MANAGER_ID")
	  REFERENCES "HR"."EMPLOYEES" ("EMPLOYEE_ID") ENABLE;
--------------------------------------------------------
--  Ref Constraints for Table JOB_HISTORY
--------------------------------------------------------

  ALTER TABLE "HR"."JOB_HISTORY" ADD CONSTRAINT "JHIST_DEPT_FK" FOREIGN KEY ("DEPARTMENT_ID")
	  REFERENCES "HR"."DEPARTMENTS" ("DEPARTMENT_ID") ENABLE;
 
  ALTER TABLE "HR"."JOB_HISTORY" ADD CONSTRAINT "JHIST_EMP_FK" FOREIGN KEY ("EMPLOYEE_ID")
	  REFERENCES "HR"."EMPLOYEES" ("EMPLOYEE_ID") ENABLE;
 
  ALTER TABLE "HR"."JOB_HISTORY" ADD CONSTRAINT "JHIST_JOB_FK" FOREIGN KEY ("JOB_ID")
	  REFERENCES "HR"."JOBS" ("JOB_ID") ENABLE;
--------------------------------------------------------
--  Ref Constraints for Table LOCATIONS
--------------------------------------------------------

  ALTER TABLE "HR"."LOCATIONS" ADD CONSTRAINT "LOC_C_ID_FK" FOREIGN KEY ("COUNTRY_ID")
	  REFERENCES "HR"."COUNTRIES" ("COUNTRY_ID") ENABLE;
--------------------------------------------------------
--  Ref Constraints for Table T_BOARD
--------------------------------------------------------

  ALTER TABLE "HR"."T_BOARD" ADD FOREIGN KEY ("I_STUDENT")
	  REFERENCES "HR"."T_STUDENT" ("I_STUDENT") ENABLE;
--------------------------------------------------------
--  Ref Constraints for Table T_BOARD4
--------------------------------------------------------

  ALTER TABLE "HR"."T_BOARD4" ADD FOREIGN KEY ("I_USER")
	  REFERENCES "HR"."T_USER" ("I_USER") ENABLE;
--------------------------------------------------------
--  Ref Constraints for Table T_BOARD4_CMT
--------------------------------------------------------

  ALTER TABLE "HR"."T_BOARD4_CMT" ADD FOREIGN KEY ("I_BOARD")
	  REFERENCES "HR"."T_BOARD4" ("I_BOARD") ENABLE;
 
  ALTER TABLE "HR"."T_BOARD4_CMT" ADD FOREIGN KEY ("I_USER")
	  REFERENCES "HR"."T_USER" ("I_USER") ENABLE;
--------------------------------------------------------
--  Ref Constraints for Table T_BOARD4_LIKE
--------------------------------------------------------

  ALTER TABLE "HR"."T_BOARD4_LIKE" ADD FOREIGN KEY ("I_USER")
	  REFERENCES "HR"."T_USER" ("I_USER") ENABLE;
 
  ALTER TABLE "HR"."T_BOARD4_LIKE" ADD FOREIGN KEY ("I_BOARD")
	  REFERENCES "HR"."T_BOARD4" ("I_BOARD") ENABLE;
--------------------------------------------------------
--  Ref Constraints for Table T_BOARD_LIKE
--------------------------------------------------------

  ALTER TABLE "HR"."T_BOARD_LIKE" ADD FOREIGN KEY ("I_BOARD")
	  REFERENCES "HR"."T_BOARD" ("I_BOARD") ENABLE;
 
  ALTER TABLE "HR"."T_BOARD_LIKE" ADD FOREIGN KEY ("I_STUDENT")
	  REFERENCES "HR"."T_STUDENT" ("I_STUDENT") ENABLE;
--------------------------------------------------------
--  Ref Constraints for Table T_ORDER
--------------------------------------------------------

  ALTER TABLE "HR"."T_ORDER" ADD FOREIGN KEY ("CUS_NO")
	  REFERENCES "HR"."T_CUSTOMER" ("CUS_NO") ENABLE;
--------------------------------------------------------
--  Ref Constraints for Table T_STUDENT_HOBBY
--------------------------------------------------------

  ALTER TABLE "HR"."T_STUDENT_HOBBY" ADD FOREIGN KEY ("I_STUDENT")
	  REFERENCES "HR"."T_STUDENT" ("I_STUDENT") ENABLE;
 
  ALTER TABLE "HR"."T_STUDENT_HOBBY" ADD FOREIGN KEY ("I_HOBBY")
	  REFERENCES "HR"."T_HOBBY" ("I_HOBBY") ENABLE;
--------------------------------------------------------
--  Ref Constraints for Table T_USER_LOGINHISTORY
--------------------------------------------------------

  ALTER TABLE "HR"."T_USER_LOGINHISTORY" ADD FOREIGN KEY ("I_USER")
	  REFERENCES "HR"."T_USER" ("I_USER") ENABLE;
